7.6s 1 0.00s - Debugger warning: It seems that frozen modules are being used, which may
7.6s 2 0.00s - make the debugger miss breakpoints. Please pass -Xfrozen_modules=off
7.6s 3 0.00s - to python to disable frozen modules.
7.6s 4 0.00s - Note: Debugging will proceed. Set PYDEVD_DISABLE_FILE_VALIDATION=1 to disable this validation.
8.3s 5 0.00s - Debugger warning: It seems that frozen modules are being used, which may
8.3s 6 0.00s - make the debugger miss breakpoints. Please pass -Xfrozen_modules=off
8.3s 7 0.00s - to python to disable frozen modules.
8.3s 8 0.00s - Note: Debugging will proceed. Set PYDEVD_DISABLE_FILE_VALIDATION=1 to disable this validation.
20.5s 9 Using device: cuda
20.5s 10 Dataset class defined.
20.9s 11 FitJourneyNet Architecture Initialized.
20.9s 12 Loading annotations from /kaggle/input/datasets/awsaf49/coco-2017-dataset/coco2017/annotations/person_keypoints_train2017.json...
28.5s 13 Loaded 149813 valid person instances.
28.5s 14 DataLoader ready.
28.5s 15 Ready to start training!
31.7s 16 Epoch [1/150] Batch [0/4682] Loss: 0.866904
51.8s 17 Epoch [1/150] Batch [100/4682] Loss: 0.018816
72.9s 18 Epoch [1/150] Batch [200/4682] Loss: 0.014524
93.6s 19 Epoch [1/150] Batch [300/4682] Loss: 0.016769
113.6s 20 Epoch [1/150] Batch [400/4682] Loss: 0.016303
133.5s 21 Epoch [1/150] Batch [500/4682] Loss: 0.017336
153.2s 22 Epoch [1/150] Batch [600/4682] Loss: 0.016844
172.9s 23 Epoch [1/150] Batch [700/4682] Loss: 0.015559
192.5s 24 Epoch [1/150] Batch [800/4682] Loss: 0.018891
212.3s 25 Epoch [1/150] Batch [900/4682] Loss: 0.016356
232.0s 26 Epoch [1/150] Batch [1000/4682] Loss: 0.016875
251.6s 27 Epoch [1/150] Batch [1100/4682] Loss: 0.018513
270.8s 28 Epoch [1/150] Batch [1200/4682] Loss: 0.017304
290.2s 29 Epoch [1/150] Batch [1300/4682] Loss: 0.016979
309.8s 30 Epoch [1/150] Batch [1400/4682] Loss: 0.015334
329.0s 31 Epoch [1/150] Batch [1500/4682] Loss: 0.014732
348.1s 32 Epoch [1/150] Batch [1600/4682] Loss: 0.018009
367.4s 33 Epoch [1/150] Batch [1700/4682] Loss: 0.016065
386.1s 34 Epoch [1/150] Batch [1800/4682] Loss: 0.016781
404.8s 35 Epoch [1/150] Batch [1900/4682] Loss: 0.015411
423.3s 36 Epoch [1/150] Batch [2000/4682] Loss: 0.016225
442.4s 37 Epoch [1/150] Batch [2100/4682] Loss: 0.016659
460.8s 38 Epoch [1/150] Batch [2200/4682] Loss: 0.014543
479.1s 39 Epoch [1/150] Batch [2300/4682] Loss: 0.015548
497.4s 40 Epoch [1/150] Batch [2400/4682] Loss: 0.015804
515.8s 41 Epoch [1/150] Batch [2500/4682] Loss: 0.016066
534.4s 42 Epoch [1/150] Batch [2600/4682] Loss: 0.013812
553.0s 43 Epoch [1/150] Batch [2700/4682] Loss: 0.016366
571.7s 44 Epoch [1/150] Batch [2800/4682] Loss: 0.014611
590.5s 45 Epoch [1/150] Batch [2900/4682] Loss: 0.014440
609.0s 46 Epoch [1/150] Batch [3000/4682] Loss: 0.016029
627.3s 47 Epoch [1/150] Batch [3100/4682] Loss: 0.013525
646.3s 48 Epoch [1/150] Batch [3200/4682] Loss: 0.014761
664.3s 49 Epoch [1/150] Batch [3300/4682] Loss: 0.013243
682.6s 50 Epoch [1/150] Batch [3400/4682] Loss: 0.015388
700.9s 51 Epoch [1/150] Batch [3500/4682] Loss: 0.013242
718.9s 52 Epoch [1/150] Batch [3600/4682] Loss: 0.013993
737.1s 53 Epoch [1/150] Batch [3700/4682] Loss: 0.015401
755.2s 54 Epoch [1/150] Batch [3800/4682] Loss: 0.012466
773.3s 55 Epoch [1/150] Batch [3900/4682] Loss: 0.013982
791.0s 56 Epoch [1/150] Batch [4000/4682] Loss: 0.013064
808.8s 57 Epoch [1/150] Batch [4100/4682] Loss: 0.011951
827.1s 58 Epoch [1/150] Batch [4200/4682] Loss: 0.012491
845.3s 59 Epoch [1/150] Batch [4300/4682] Loss: 0.012481
863.6s 60 Epoch [1/150] Batch [4400/4682] Loss: 0.014784
881.5s 61 Epoch [1/150] Batch [4500/4682] Loss: 0.014075
899.3s 62 Epoch [1/150] Batch [4600/4682] Loss: 0.013329
914.5s 63 ==> Epoch 1 Average Loss: 0.016243
914.5s 64 *** New best model saved (Loss: 0.016243) ***
915.6s 65 Epoch [2/150] Batch [0/4682] Loss: 0.013698
933.9s 66 Epoch [2/150] Batch [100/4682] Loss: 0.012203
951.8s 67 Epoch [2/150] Batch [200/4682] Loss: 0.011686
969.5s 68 Epoch [2/150] Batch [300/4682] Loss: 0.014282
986.9s 69 Epoch [2/150] Batch [400/4682] Loss: 0.011997
1004.2s 70 Epoch [2/150] Batch [500/4682] Loss: 0.011928
1021.6s 71 Epoch [2/150] Batch [600/4682] Loss: 0.012033
1039.1s 72 Epoch [2/150] Batch [700/4682] Loss: 0.012312
1056.8s 73 Epoch [2/150] Batch [800/4682] Loss: 0.011418
1074.4s 74 Epoch [2/150] Batch [900/4682] Loss: 0.011897
1091.9s 75 Epoch [2/150] Batch [1000/4682] Loss: 0.012853
1109.3s 76 Epoch [2/150] Batch [1100/4682] Loss: 0.011481
1126.9s 77 Epoch [2/150] Batch [1200/4682] Loss: 0.009699
1144.7s 78 Epoch [2/150] Batch [1300/4682] Loss: 0.011361
1162.3s 79 Epoch [2/150] Batch [1400/4682] Loss: 0.012104
1179.5s 80 Epoch [2/150] Batch [1500/4682] Loss: 0.010509
1196.9s 81 Epoch [2/150] Batch [1600/4682] Loss: 0.013401
1214.5s 82 Epoch [2/150] Batch [1700/4682] Loss: 0.012053
1232.4s 83 Epoch [2/150] Batch [1800/4682] Loss: 0.011133
1250.0s 84 Epoch [2/150] Batch [1900/4682] Loss: 0.011702
1267.3s 85 Epoch [2/150] Batch [2000/4682] Loss: 0.009196
1284.7s 86 Epoch [2/150] Batch [2100/4682] Loss: 0.010678
1302.2s 87 Epoch [2/150] Batch [2200/4682] Loss: 0.010435
1319.9s 88 Epoch [2/150] Batch [2300/4682] Loss: 0.009603
1337.5s 89 Epoch [2/150] Batch [2400/4682] Loss: 0.012204
1355.0s 90 Epoch [2/150] Batch [2500/4682] Loss: 0.010549
1372.6s 91 Epoch [2/150] Batch [2600/4682] Loss: 0.011883
1390.0s 92 Epoch [2/150] Batch [2700/4682] Loss: 0.010738
1407.5s 93 Epoch [2/150] Batch [2800/4682] Loss: 0.010232
1425.0s 94 Epoch [2/150] Batch [2900/4682] Loss: 0.010333
1442.5s 95 Epoch [2/150] Batch [3000/4682] Loss: 0.010995
1460.0s 96 Epoch [2/150] Batch [3100/4682] Loss: 0.010750
1477.5s 97 Epoch [2/150] Batch [3200/4682] Loss: 0.012295
1495.1s 98 Epoch [2/150] Batch [3300/4682] Loss: 0.010294
1512.7s 99 Epoch [2/150] Batch [3400/4682] Loss: 0.011170
1530.2s 100 Epoch [2/150] Batch [3500/4682] Loss: 0.011012
1547.8s 101 Epoch [2/150] Batch [3600/4682] Loss: 0.009949
1565.3s 102 Epoch [2/150] Batch [3700/4682] Loss: 0.010610
1583.1s 103 Epoch [2/150] Batch [3800/4682] Loss: 0.010155
1600.6s 104 Epoch [2/150] Batch [3900/4682] Loss: 0.010660
1618.2s 105 Epoch [2/150] Batch [4000/4682] Loss: 0.010533
1635.8s 106 Epoch [2/150] Batch [4100/4682] Loss: 0.010204
1653.4s 107 Epoch [2/150] Batch [4200/4682] Loss: 0.010903
1671.1s 108 Epoch [2/150] Batch [4300/4682] Loss: 0.010234
1688.7s 109 Epoch [2/150] Batch [4400/4682] Loss: 0.009539
1706.2s 110 Epoch [2/150] Batch [4500/4682] Loss: 0.011744
1723.9s 111 Epoch [2/150] Batch [4600/4682] Loss: 0.010820
1738.1s 112 ==> Epoch 2 Average Loss: 0.011272
1738.1s 113 *** New best model saved (Loss: 0.011272) ***
1739.2s 114 Epoch [3/150] Batch [0/4682] Loss: 0.009764
1756.9s 115 Epoch [3/150] Batch [100/4682] Loss: 0.009692
1774.7s 116 Epoch [3/150] Batch [200/4682] Loss: 0.010961
1792.3s 117 Epoch [3/150] Batch [300/4682] Loss: 0.009469
1809.9s 118 Epoch [3/150] Batch [400/4682] Loss: 0.010608
1827.6s 119 Epoch [3/150] Batch [500/4682] Loss: 0.009704
1845.2s 120 Epoch [3/150] Batch [600/4682] Loss: 0.010710
1862.9s 121 Epoch [3/150] Batch [700/4682] Loss: 0.010384
1880.7s 122 Epoch [3/150] Batch [800/4682] Loss: 0.009512
1898.6s 123 Epoch [3/150] Batch [900/4682] Loss: 0.008367
1916.3s 124 Epoch [3/150] Batch [1000/4682] Loss: 0.009435
1934.5s 125 Epoch [3/150] Batch [1100/4682] Loss: 0.009013
1952.1s 126 Epoch [3/150] Batch [1200/4682] Loss: 0.010343
1969.9s 127 Epoch [3/150] Batch [1300/4682] Loss: 0.010941
1987.3s 128 Epoch [3/150] Batch [1400/4682] Loss: 0.009296
2004.7s 129 Epoch [3/150] Batch [1500/4682] Loss: 0.010280
2022.2s 130 Epoch [3/150] Batch [1600/4682] Loss: 0.010403
2039.6s 131 Epoch [3/150] Batch [1700/4682] Loss: 0.010427
2057.0s 132 Epoch [3/150] Batch [1800/4682] Loss: 0.010757
2074.6s 133 Epoch [3/150] Batch [1900/4682] Loss: 0.009016
2092.2s 134 Epoch [3/150] Batch [2000/4682] Loss: 0.009346
2110.1s 135 Epoch [3/150] Batch [2100/4682] Loss: 0.009977
2127.7s 136 Epoch [3/150] Batch [2200/4682] Loss: 0.009411
2145.4s 137 Epoch [3/150] Batch [2300/4682] Loss: 0.010565
2163.1s 138 Epoch [3/150] Batch [2400/4682] Loss: 0.010078
2180.8s 139 Epoch [3/150] Batch [2500/4682] Loss: 0.009301
2198.4s 140 Epoch [3/150] Batch [2600/4682] Loss: 0.009095
2216.2s 141 Epoch [3/150] Batch [2700/4682] Loss: 0.009410
2233.9s 142 Epoch [3/150] Batch [2800/4682] Loss: 0.010274
2251.5s 143 Epoch [3/150] Batch [2900/4682] Loss: 0.012021
2269.1s 144 Epoch [3/150] Batch [3000/4682] Loss: 0.009684
2286.7s 145 Epoch [3/150] Batch [3100/4682] Loss: 0.009955
2304.3s 146 Epoch [3/150] Batch [3200/4682] Loss: 0.008228
2322.0s 147 Epoch [3/150] Batch [3300/4682] Loss: 0.010281
2339.5s 148 Epoch [3/150] Batch [3400/4682] Loss: 0.008915
2357.3s 149 Epoch [3/150] Batch [3500/4682] Loss: 0.009499
2374.9s 150 Epoch [3/150] Batch [3600/4682] Loss: 0.009560
2392.6s 151 Epoch [3/150] Batch [3700/4682] Loss: 0.009473
2410.3s 152 Epoch [3/150] Batch [3800/4682] Loss: 0.009491
2428.1s 153 Epoch [3/150] Batch [3900/4682] Loss: 0.009754
2445.8s 154 Epoch [3/150] Batch [4000/4682] Loss: 0.010784
2463.5s 155 Epoch [3/150] Batch [4100/4682] Loss: 0.009498
2480.9s 156 Epoch [3/150] Batch [4200/4682] Loss: 0.008668
2498.4s 157 Epoch [3/150] Batch [4300/4682] Loss: 0.009907
2515.9s 158 Epoch [3/150] Batch [4400/4682] Loss: 0.010178
2533.5s 159 Epoch [3/150] Batch [4500/4682] Loss: 0.009921
2551.1s 160 Epoch [3/150] Batch [4600/4682] Loss: 0.010025
2565.3s 161 ==> Epoch 3 Average Loss: 0.009884
2565.3s 162 *** New best model saved (Loss: 0.009884) ***
2566.6s 163 Epoch [4/150] Batch [0/4682] Loss: 0.010066
2584.4s 164 Epoch [4/150] Batch [100/4682] Loss: 0.008803
2602.2s 165 Epoch [4/150] Batch [200/4682] Loss: 0.008755
2620.0s 166 Epoch [4/150] Batch [300/4682] Loss: 0.009035
2637.6s 167 Epoch [4/150] Batch [400/4682] Loss: 0.010406
2655.1s 168 Epoch [4/150] Batch [500/4682] Loss: 0.008645
2672.5s 169 Epoch [4/150] Batch [600/4682] Loss: 0.010479
2690.0s 170 Epoch [4/150] Batch [700/4682] Loss: 0.008792
2707.7s 171 Epoch [4/150] Batch [800/4682] Loss: 0.010619
2725.2s 172 Epoch [4/150] Batch [900/4682] Loss: 0.009517
2742.9s 173 Epoch [4/150] Batch [1000/4682] Loss: 0.009611
2760.5s 174 Epoch [4/150] Batch [1100/4682] Loss: 0.009794
2778.2s 175 Epoch [4/150] Batch [1200/4682] Loss: 0.009261
2795.9s 176 Epoch [4/150] Batch [1300/4682] Loss: 0.008759
2813.6s 177 Epoch [4/150] Batch [1400/4682] Loss: 0.008975
2831.3s 178 Epoch [4/150] Batch [1500/4682] Loss: 0.008022
2848.9s 179 Epoch [4/150] Batch [1600/4682] Loss: 0.009731
2866.6s 180 Epoch [4/150] Batch [1700/4682] Loss: 0.008430
2884.1s 181 Epoch [4/150] Batch [1800/4682] Loss: 0.009567
2901.6s 182 Epoch [4/150] Batch [1900/4682] Loss: 0.010143
2919.1s 183 Epoch [4/150] Batch [2000/4682] Loss: 0.008866
2936.7s 184 Epoch [4/150] Batch [2100/4682] Loss: 0.008158
2954.3s 185 Epoch [4/150] Batch [2200/4682] Loss: 0.009640
2971.9s 186 Epoch [4/150] Batch [2300/4682] Loss: 0.009042
2989.5s 187 Epoch [4/150] Batch [2400/4682] Loss: 0.011062
3007.0s 188 Epoch [4/150] Batch [2500/4682] Loss: 0.008986
3024.7s 189 Epoch [4/150] Batch [2600/4682] Loss: 0.008473
3042.4s 190 Epoch [4/150] Batch [2700/4682] Loss: 0.009211
3060.1s 191 Epoch [4/150] Batch [2800/4682] Loss: 0.011401
3077.7s 192 Epoch [4/150] Batch [2900/4682] Loss: 0.009371
3095.4s 193 Epoch [4/150] Batch [3000/4682] Loss: 0.009938
3113.0s 194 Epoch [4/150] Batch [3100/4682] Loss: 0.009165
3130.8s 195 Epoch [4/150] Batch [3200/4682] Loss: 0.009789
3148.5s 196 Epoch [4/150] Batch [3300/4682] Loss: 0.010187
3166.2s 197 Epoch [4/150] Batch [3400/4682] Loss: 0.009627
3183.7s 198 Epoch [4/150] Batch [3500/4682] Loss: 0.009036
3201.6s 199 Epoch [4/150] Batch [3600/4682] Loss: 0.009221
3219.1s 200 Epoch [4/150] Batch [3700/4682] Loss: 0.010021
3236.7s 201 Epoch [4/150] Batch [3800/4682] Loss: 0.008866
3254.3s 202 Epoch [4/150] Batch [3900/4682] Loss: 0.009492
3272.1s 203 Epoch [4/150] Batch [4000/4682] Loss: 0.008475
3289.8s 204 Epoch [4/150] Batch [4100/4682] Loss: 0.008178
3307.4s 205 Epoch [4/150] Batch [4200/4682] Loss: 0.008991
3324.9s 206 Epoch [4/150] Batch [4300/4682] Loss: 0.008400
3342.6s 207 Epoch [4/150] Batch [4400/4682] Loss: 0.008960
3360.4s 208 Epoch [4/150] Batch [4500/4682] Loss: 0.008735
3377.9s 209 Epoch [4/150] Batch [4600/4682] Loss: 0.008268
3391.8s 210 ==> Epoch 4 Average Loss: 0.009225
3391.8s 211 *** New best model saved (Loss: 0.009225) ***
3392.9s 212 Epoch [5/150] Batch [0/4682] Loss: 0.009196
3410.6s 213 Epoch [5/150] Batch [100/4682] Loss: 0.008395
3428.4s 214 Epoch [5/150] Batch [200/4682] Loss: 0.009198
3446.5s 215 Epoch [5/150] Batch [300/4682] Loss: 0.008303
3464.4s 216 Epoch [5/150] Batch [400/4682] Loss: 0.008948
3482.2s 217 Epoch [5/150] Batch [500/4682] Loss: 0.008876
3500.6s 218 Epoch [5/150] Batch [600/4682] Loss: 0.009902
3518.9s 219 Epoch [5/150] Batch [700/4682] Loss: 0.008643
3536.9s 220 Epoch [5/150] Batch [800/4682] Loss: 0.009129
3555.0s 221 Epoch [5/150] Batch [900/4682] Loss: 0.008263
3573.0s 222 Epoch [5/150] Batch [1000/4682] Loss: 0.007928
3590.8s 223 Epoch [5/150] Batch [1100/4682] Loss: 0.009305
3608.4s 224 Epoch [5/150] Batch [1200/4682] Loss: 0.008777
3626.2s 225 Epoch [5/150] Batch [1300/4682] Loss: 0.008115
3643.8s 226 Epoch [5/150] Batch [1400/4682] Loss: 0.008412
3661.5s 227 Epoch [5/150] Batch [1500/4682] Loss: 0.009417
3679.3s 228 Epoch [5/150] Batch [1600/4682] Loss: 0.008345
3697.5s 229 Epoch [5/150] Batch [1700/4682] Loss: 0.008467
3715.0s 230 Epoch [5/150] Batch [1800/4682] Loss: 0.010075
3732.7s 231 Epoch [5/150] Batch [1900/4682] Loss: 0.009003
3750.5s 232 Epoch [5/150] Batch [2000/4682] Loss: 0.007827
3768.3s 233 Epoch [5/150] Batch [2100/4682] Loss: 0.007651
3785.9s 234 Epoch [5/150] Batch [2200/4682] Loss: 0.008533
3803.9s 235 Epoch [5/150] Batch [2300/4682] Loss: 0.009654
3821.9s 236 Epoch [5/150] Batch [2400/4682] Loss: 0.009314
3839.7s 237 Epoch [5/150] Batch [2500/4682] Loss: 0.009557
3857.4s 238 Epoch [5/150] Batch [2600/4682] Loss: 0.008198
3875.0s 239 Epoch [5/150] Batch [2700/4682] Loss: 0.010400
3892.4s 240 Epoch [5/150] Batch [2800/4682] Loss: 0.008777
3910.0s 241 Epoch [5/150] Batch [2900/4682] Loss: 0.009237
3927.5s 242 Epoch [5/150] Batch [3000/4682] Loss: 0.008485
3945.2s 243 Epoch [5/150] Batch [3100/4682] Loss: 0.008179
3962.8s 244 Epoch [5/150] Batch [3200/4682] Loss: 0.009193
3980.8s 245 Epoch [5/150] Batch [3300/4682] Loss: 0.008948
3998.4s 246 Epoch [5/150] Batch [3400/4682] Loss: 0.009847
4016.4s 247 Epoch [5/150] Batch [3500/4682] Loss: 0.007821
4034.5s 248 Epoch [5/150] Batch [3600/4682] Loss: 0.009290
4052.3s 249 Epoch [5/150] Batch [3700/4682] Loss: 0.008425
4070.0s 250 Epoch [5/150] Batch [3800/4682] Loss: 0.009246
4087.7s 251 Epoch [5/150] Batch [3900/4682] Loss: 0.009318
4105.3s 252 Epoch [5/150] Batch [4000/4682] Loss: 0.008019
4123.1s 253 Epoch [5/150] Batch [4100/4682] Loss: 0.009182
4140.9s 254 Epoch [5/150] Batch [4200/4682] Loss: 0.008339
4159.0s 255 Epoch [5/150] Batch [4300/4682] Loss: 0.008492
4176.7s 256 Epoch [5/150] Batch [4400/4682] Loss: 0.008767
4194.7s 257 Epoch [5/150] Batch [4500/4682] Loss: 0.009505
4212.6s 258 Epoch [5/150] Batch [4600/4682] Loss: 0.008484
4226.8s 259 ==> Epoch 5 Average Loss: 0.008794
4226.8s 260 *** New best model saved (Loss: 0.008794) ***
4228.0s 261 Epoch [6/150] Batch [0/4682] Loss: 0.008856
4245.4s 262 Epoch [6/150] Batch [100/4682] Loss: 0.008466
4262.8s 263 Epoch [6/150] Batch [200/4682] Loss: 0.010706
4280.4s 264 Epoch [6/150] Batch [300/4682] Loss: 0.008678
4298.4s 265 Epoch [6/150] Batch [400/4682] Loss: 0.008901
4316.1s 266 Epoch [6/150] Batch [500/4682] Loss: 0.009446
4334.3s 267 Epoch [6/150] Batch [600/4682] Loss: 0.009346
4351.8s 268 Epoch [6/150] Batch [700/4682] Loss: 0.008978
4369.4s 269 Epoch [6/150] Batch [800/4682] Loss: 0.009006
4387.1s 270 Epoch [6/150] Batch [900/4682] Loss: 0.008150
4404.8s 271 Epoch [6/150] Batch [1000/4682] Loss: 0.009143
4422.6s 272 Epoch [6/150] Batch [1100/4682] Loss: 0.008811
4440.6s 273 Epoch [6/150] Batch [1200/4682] Loss: 0.008436
4458.1s 274 Epoch [6/150] Batch [1300/4682] Loss: 0.008811
4475.8s 275 Epoch [6/150] Batch [1400/4682] Loss: 0.008521
4493.3s 276 Epoch [6/150] Batch [1500/4682] Loss: 0.010085
4511.0s 277 Epoch [6/150] Batch [1600/4682] Loss: 0.008760
4528.7s 278 Epoch [6/150] Batch [1700/4682] Loss: 0.007829
4546.2s 279 Epoch [6/150] Batch [1800/4682] Loss: 0.008427
4563.7s 280 Epoch [6/150] Batch [1900/4682] Loss: 0.008007
4581.4s 281 Epoch [6/150] Batch [2000/4682] Loss: 0.008940
4599.0s 282 Epoch [6/150] Batch [2100/4682] Loss: 0.010090
4616.5s 283 Epoch [6/150] Batch [2200/4682] Loss: 0.007774
4633.9s 284 Epoch [6/150] Batch [2300/4682] Loss: 0.008629
4651.5s 285 Epoch [6/150] Batch [2400/4682] Loss: 0.007758
4669.1s 286 Epoch [6/150] Batch [2500/4682] Loss: 0.007828
4686.8s 287 Epoch [6/150] Batch [2600/4682] Loss: 0.008092
4704.5s 288 Epoch [6/150] Batch [2700/4682] Loss: 0.008959
4722.2s 289 Epoch [6/150] Batch [2800/4682] Loss: 0.009221
4739.7s 290 Epoch [6/150] Batch [2900/4682] Loss: 0.008353
4757.3s 291 Epoch [6/150] Batch [3000/4682] Loss: 0.007711
4774.8s 292 Epoch [6/150] Batch [3100/4682] Loss: 0.008434
4792.4s 293 Epoch [6/150] Batch [3200/4682] Loss: 0.007868
4810.1s 294 Epoch [6/150] Batch [3300/4682] Loss: 0.008590
4827.8s 295 Epoch [6/150] Batch [3400/4682] Loss: 0.008253
4845.6s 296 Epoch [6/150] Batch [3500/4682] Loss: 0.008498
4863.3s 297 Epoch [6/150] Batch [3600/4682] Loss: 0.009086
4880.9s 298 Epoch [6/150] Batch [3700/4682] Loss: 0.007707
4898.5s 299 Epoch [6/150] Batch [3800/4682] Loss: 0.008368
4916.1s 300 Epoch [6/150] Batch [3900/4682] Loss: 0.009569
4933.6s 301 Epoch [6/150] Batch [4000/4682] Loss: 0.009444
4951.0s 302 Epoch [6/150] Batch [4100/4682] Loss: 0.009198
4968.6s 303 Epoch [6/150] Batch [4200/4682] Loss: 0.008499
4986.3s 304 Epoch [6/150] Batch [4300/4682] Loss: 0.008448
5003.9s 305 Epoch [6/150] Batch [4400/4682] Loss: 0.009395
5021.3s 306 Epoch [6/150] Batch [4500/4682] Loss: 0.008808
5038.8s 307 Epoch [6/150] Batch [4600/4682] Loss: 0.007956
5052.8s 308 ==> Epoch 6 Average Loss: 0.008489
5052.8s 309 *** New best model saved (Loss: 0.008489) ***
5053.9s 310 Epoch [7/150] Batch [0/4682] Loss: 0.008606
5071.7s 311 Epoch [7/150] Batch [100/4682] Loss: 0.008434
5089.5s 312 Epoch [7/150] Batch [200/4682] Loss: 0.007033
5107.2s 313 Epoch [7/150] Batch [300/4682] Loss: 0.007555
5124.7s 314 Epoch [7/150] Batch [400/4682] Loss: 0.008515
5142.2s 315 Epoch [7/150] Batch [500/4682] Loss: 0.008282
5159.7s 316 Epoch [7/150] Batch [600/4682] Loss: 0.008860
5177.1s 317 Epoch [7/150] Batch [700/4682] Loss: 0.007141
5194.6s 318 Epoch [7/150] Batch [800/4682] Loss: 0.008085
5212.3s 319 Epoch [7/150] Batch [900/4682] Loss: 0.008303
5230.0s 320 Epoch [7/150] Batch [1000/4682] Loss: 0.008050
5247.5s 321 Epoch [7/150] Batch [1100/4682] Loss: 0.007644
5265.1s 322 Epoch [7/150] Batch [1200/4682] Loss: 0.008499
5283.0s 323 Epoch [7/150] Batch [1300/4682] Loss: 0.008331
5300.6s 324 Epoch [7/150] Batch [1400/4682] Loss: 0.007345
5318.7s 325 Epoch [7/150] Batch [1500/4682] Loss: 0.007427
5336.3s 326 Epoch [7/150] Batch [1600/4682] Loss: 0.008228
5354.2s 327 Epoch [7/150] Batch [1700/4682] Loss: 0.007060
5371.9s 328 Epoch [7/150] Batch [1800/4682] Loss: 0.007206
5389.8s 329 Epoch [7/150] Batch [1900/4682] Loss: 0.007514
5407.3s 330 Epoch [7/150] Batch [2000/4682] Loss: 0.009739
5425.2s 331 Epoch [7/150] Batch [2100/4682] Loss: 0.009147
5442.7s 332 Epoch [7/150] Batch [2200/4682] Loss: 0.007667
5460.6s 333 Epoch [7/150] Batch [2300/4682] Loss: 0.008022
5478.1s 334 Epoch [7/150] Batch [2400/4682] Loss: 0.007903
5495.8s 335 Epoch [7/150] Batch [2500/4682] Loss: 0.007944
5513.5s 336 Epoch [7/150] Batch [2600/4682] Loss: 0.008052
5531.2s 337 Epoch [7/150] Batch [2700/4682] Loss: 0.008740
5548.8s 338 Epoch [7/150] Batch [2800/4682] Loss: 0.007777
5566.5s 339 Epoch [7/150] Batch [2900/4682] Loss: 0.010193
5584.0s 340 Epoch [7/150] Batch [3000/4682] Loss: 0.008869
5601.6s 341 Epoch [7/150] Batch [3100/4682] Loss: 0.007945
5619.2s 342 Epoch [7/150] Batch [3200/4682] Loss: 0.008158
5637.0s 343 Epoch [7/150] Batch [3300/4682] Loss: 0.007869
5654.5s 344 Epoch [7/150] Batch [3400/4682] Loss: 0.007719
5672.3s 345 Epoch [7/150] Batch [3500/4682] Loss: 0.009103
5689.8s 346 Epoch [7/150] Batch [3600/4682] Loss: 0.009070
5707.5s 347 Epoch [7/150] Batch [3700/4682] Loss: 0.009141
5725.1s 348 Epoch [7/150] Batch [3800/4682] Loss: 0.008956
5743.0s 349 Epoch [7/150] Batch [3900/4682] Loss: 0.008454
5760.5s 350 Epoch [7/150] Batch [4000/4682] Loss: 0.008190
5778.2s 351 Epoch [7/150] Batch [4100/4682] Loss: 0.009401
5795.9s 352 Epoch [7/150] Batch [4200/4682] Loss: 0.008070
5813.6s 353 Epoch [7/150] Batch [4300/4682] Loss: 0.008173
5831.1s 354 Epoch [7/150] Batch [4400/4682] Loss: 0.009937
5848.8s 355 Epoch [7/150] Batch [4500/4682] Loss: 0.008007
5866.4s 356 Epoch [7/150] Batch [4600/4682] Loss: 0.008535
5880.8s 357 ==> Epoch 7 Average Loss: 0.008357
5880.8s 358 *** New best model saved (Loss: 0.008357) ***
5882.0s 359 Epoch [8/150] Batch [0/4682] Loss: 0.007880
5899.9s 360 Epoch [8/150] Batch [100/4682] Loss: 0.008498
5917.7s 361 Epoch [8/150] Batch [200/4682] Loss: 0.007485
5935.9s 362 Epoch [8/150] Batch [300/4682] Loss: 0.006637
5953.8s 363 Epoch [8/150] Batch [400/4682] Loss: 0.007874
5971.6s 364 Epoch [8/150] Batch [500/4682] Loss: 0.008560
5989.5s 365 Epoch [8/150] Batch [600/4682] Loss: 0.007377
6007.3s 366 Epoch [8/150] Batch [700/4682] Loss: 0.007652
6025.1s 367 Epoch [8/150] Batch [800/4682] Loss: 0.007842
6042.9s 368 Epoch [8/150] Batch [900/4682] Loss: 0.007385
6060.6s 369 Epoch [8/150] Batch [1000/4682] Loss: 0.008231
6078.4s 370 Epoch [8/150] Batch [1100/4682] Loss: 0.008040
6096.1s 371 Epoch [8/150] Batch [1200/4682] Loss: 0.008436
6114.0s 372 Epoch [8/150] Batch [1300/4682] Loss: 0.007875
6131.7s 373 Epoch [8/150] Batch [1400/4682] Loss: 0.008899
6149.1s 374 Epoch [8/150] Batch [1500/4682] Loss: 0.008071
6166.9s 375 Epoch [8/150] Batch [1600/4682] Loss: 0.008723
6184.3s 376 Epoch [8/150] Batch [1700/4682] Loss: 0.008357
6201.7s 377 Epoch [8/150] Batch [1800/4682] Loss: 0.008741
6219.3s 378 Epoch [8/150] Batch [1900/4682] Loss: 0.009624
6237.1s 379 Epoch [8/150] Batch [2000/4682] Loss: 0.007484
6254.8s 380 Epoch [8/150] Batch [2100/4682] Loss: 0.007234
6272.3s 381 Epoch [8/150] Batch [2200/4682] Loss: 0.007611
6289.6s 382 Epoch [8/150] Batch [2300/4682] Loss: 0.007762
6307.4s 383 Epoch [8/150] Batch [2400/4682] Loss: 0.007423
6325.1s 384 Epoch [8/150] Batch [2500/4682] Loss: 0.008072
6342.6s 385 Epoch [8/150] Batch [2600/4682] Loss: 0.008959
6359.9s 386 Epoch [8/150] Batch [2700/4682] Loss: 0.007643
6377.4s 387 Epoch [8/150] Batch [2800/4682] Loss: 0.007256
6395.2s 388 Epoch [8/150] Batch [2900/4682] Loss: 0.007099
6412.9s 389 Epoch [8/150] Batch [3000/4682] Loss: 0.007995
6430.4s 390 Epoch [8/150] Batch [3100/4682] Loss: 0.007853
6447.9s 391 Epoch [8/150] Batch [3200/4682] Loss: 0.007390
6465.8s 392 Epoch [8/150] Batch [3300/4682] Loss: 0.007305
6483.5s 393 Epoch [8/150] Batch [3400/4682] Loss: 0.008624
6501.4s 394 Epoch [8/150] Batch [3500/4682] Loss: 0.008397
6519.6s 395 Epoch [8/150] Batch [3600/4682] Loss: 0.007572
6537.4s 396 Epoch [8/150] Batch [3700/4682] Loss: 0.007052
6554.9s 397 Epoch [8/150] Batch [3800/4682] Loss: 0.007350
6572.4s 398 Epoch [8/150] Batch [3900/4682] Loss: 0.008835
6590.3s 399 Epoch [8/150] Batch [4000/4682] Loss: 0.007735
6607.8s 400 Epoch [8/150] Batch [4100/4682] Loss: 0.008624
6625.5s 401 Epoch [8/150] Batch [4200/4682] Loss: 0.008358
6642.9s 402 Epoch [8/150] Batch [4300/4682] Loss: 0.007958
6660.8s 403 Epoch [8/150] Batch [4400/4682] Loss: 0.008984
6678.5s 404 Epoch [8/150] Batch [4500/4682] Loss: 0.008334
6696.3s 405 Epoch [8/150] Batch [4600/4682] Loss: 0.008462
6710.4s 406 ==> Epoch 8 Average Loss: 0.008084
6710.4s 407 *** New best model saved (Loss: 0.008084) ***
6711.5s 408 Epoch [9/150] Batch [0/4682] Loss: 0.008442
6729.3s 409 Epoch [9/150] Batch [100/4682] Loss: 0.007631
6747.4s 410 Epoch [9/150] Batch [200/4682] Loss: 0.007193
6765.4s 411 Epoch [9/150] Batch [300/4682] Loss: 0.007538
6783.1s 412 Epoch [9/150] Batch [400/4682] Loss: 0.007451
6801.1s 413 Epoch [9/150] Batch [500/4682] Loss: 0.007172
6818.7s 414 Epoch [9/150] Batch [600/4682] Loss: 0.007348
6836.4s 415 Epoch [9/150] Batch [700/4682] Loss: 0.007257
6854.5s 416 Epoch [9/150] Batch [800/4682] Loss: 0.008226
6872.6s 417 Epoch [9/150] Batch [900/4682] Loss: 0.007846
6890.0s 418 Epoch [9/150] Batch [1000/4682] Loss: 0.007101
6907.8s 419 Epoch [9/150] Batch [1100/4682] Loss: 0.008036
6925.7s 420 Epoch [9/150] Batch [1200/4682] Loss: 0.008096
6943.4s 421 Epoch [9/150] Batch [1300/4682] Loss: 0.007583
6961.0s 422 Epoch [9/150] Batch [1400/4682] Loss: 0.006790
6979.4s 423 Epoch [9/150] Batch [1500/4682] Loss: 0.008089
6996.8s 424 Epoch [9/150] Batch [1600/4682] Loss: 0.006660
7014.7s 425 Epoch [9/150] Batch [1700/4682] Loss: 0.008328
7032.3s 426 Epoch [9/150] Batch [1800/4682] Loss: 0.009165
7049.9s 427 Epoch [9/150] Batch [1900/4682] Loss: 0.008120
7067.7s 428 Epoch [9/150] Batch [2000/4682] Loss: 0.006725
7085.6s 429 Epoch [9/150] Batch [2100/4682] Loss: 0.007654
7103.2s 430 Epoch [9/150] Batch [2200/4682] Loss: 0.007607
7120.8s 431 Epoch [9/150] Batch [2300/4682] Loss: 0.008750
7138.3s 432 Epoch [9/150] Batch [2400/4682] Loss: 0.007346
7155.9s 433 Epoch [9/150] Batch [2500/4682] Loss: 0.008818
7173.4s 434 Epoch [9/150] Batch [2600/4682] Loss: 0.007489
7191.5s 435 Epoch [9/150] Batch [2700/4682] Loss: 0.008130
7209.1s 436 Epoch [9/150] Batch [2800/4682] Loss: 0.007257
7226.7s 437 Epoch [9/150] Batch [2900/4682] Loss: 0.007797
7244.4s 438 Epoch [9/150] Batch [3000/4682] Loss: 0.008020
7262.0s 439 Epoch [9/150] Batch [3100/4682] Loss: 0.007742
7279.7s 440 Epoch [9/150] Batch [3200/4682] Loss: 0.007494
7297.4s 441 Epoch [9/150] Batch [3300/4682] Loss: 0.009186
7315.0s 442 Epoch [9/150] Batch [3400/4682] Loss: 0.008085
7332.7s 443 Epoch [9/150] Batch [3500/4682] Loss: 0.007884
7350.3s 444 Epoch [9/150] Batch [3600/4682] Loss: 0.008686
7367.9s 445 Epoch [9/150] Batch [3700/4682] Loss: 0.007286
7385.3s 446 Epoch [9/150] Batch [3800/4682] Loss: 0.007987
7402.8s 447 Epoch [9/150] Batch [3900/4682] Loss: 0.007358
7420.3s 448 Epoch [9/150] Batch [4000/4682] Loss: 0.007227
7437.8s 449 Epoch [9/150] Batch [4100/4682] Loss: 0.009355
7455.2s 450 Epoch [9/150] Batch [4200/4682] Loss: 0.006764
7472.8s 451 Epoch [9/150] Batch [4300/4682] Loss: 0.008536
7490.5s 452 Epoch [9/150] Batch [4400/4682] Loss: 0.008723
7508.0s 453 Epoch [9/150] Batch [4500/4682] Loss: 0.008647
7525.6s 454 Epoch [9/150] Batch [4600/4682] Loss: 0.008737
7539.7s 455 ==> Epoch 9 Average Loss: 0.007941
7539.7s 456 *** New best model saved (Loss: 0.007941) ***
7540.9s 457 Epoch [10/150] Batch [0/4682] Loss: 0.008642
7558.3s 458 Epoch [10/150] Batch [100/4682] Loss: 0.008312
7576.2s 459 Epoch [10/150] Batch [200/4682] Loss: 0.007931
7593.7s 460 Epoch [10/150] Batch [300/4682] Loss: 0.009011
7611.5s 461 Epoch [10/150] Batch [400/4682] Loss: 0.008730
7629.0s 462 Epoch [10/150] Batch [500/4682] Loss: 0.006936
7646.7s 463 Epoch [10/150] Batch [600/4682] Loss: 0.006790
7664.3s 464 Epoch [10/150] Batch [700/4682] Loss: 0.007344
7681.9s 465 Epoch [10/150] Batch [800/4682] Loss: 0.007166
7699.4s 466 Epoch [10/150] Batch [900/4682] Loss: 0.008125
7717.0s 467 Epoch [10/150] Batch [1000/4682] Loss: 0.007813
7734.5s 468 Epoch [10/150] Batch [1100/4682] Loss: 0.007509
7752.1s 469 Epoch [10/150] Batch [1200/4682] Loss: 0.008242
7769.5s 470 Epoch [10/150] Batch [1300/4682] Loss: 0.006787
7787.1s 471 Epoch [10/150] Batch [1400/4682] Loss: 0.006831
7804.9s 472 Epoch [10/150] Batch [1500/4682] Loss: 0.008882
7822.5s 473 Epoch [10/150] Batch [1600/4682] Loss: 0.007455
7840.1s 474 Epoch [10/150] Batch [1700/4682] Loss: 0.008255
7857.6s 475 Epoch [10/150] Batch [1800/4682] Loss: 0.007439
7875.2s 476 Epoch [10/150] Batch [1900/4682] Loss: 0.008200
7892.9s 477 Epoch [10/150] Batch [2000/4682] Loss: 0.007646
7910.9s 478 Epoch [10/150] Batch [2100/4682] Loss: 0.008204
7928.6s 479 Epoch [10/150] Batch [2200/4682] Loss: 0.008435
7946.5s 480 Epoch [10/150] Batch [2300/4682] Loss: 0.007004
7964.2s 481 Epoch [10/150] Batch [2400/4682] Loss: 0.008172
7981.8s 482 Epoch [10/150] Batch [2500/4682] Loss: 0.007343
7999.4s 483 Epoch [10/150] Batch [2600/4682] Loss: 0.009308
8016.9s 484 Epoch [10/150] Batch [2700/4682] Loss: 0.008049
8034.5s 485 Epoch [10/150] Batch [2800/4682] Loss: 0.007597
8051.9s 486 Epoch [10/150] Batch [2900/4682] Loss: 0.008309
8069.6s 487 Epoch [10/150] Batch [3000/4682] Loss: 0.007691
8087.1s 488 Epoch [10/150] Batch [3100/4682] Loss: 0.007407
8104.6s 489 Epoch [10/150] Batch [3200/4682] Loss: 0.008149
8122.4s 490 Epoch [10/150] Batch [3300/4682] Loss: 0.007492
8140.1s 491 Epoch [10/150] Batch [3400/4682] Loss: 0.007553
8157.6s 492 Epoch [10/150] Batch [3500/4682] Loss: 0.007395
8175.2s 493 Epoch [10/150] Batch [3600/4682] Loss: 0.008716
8192.8s 494 Epoch [10/150] Batch [3700/4682] Loss: 0.008522
8210.5s 495 Epoch [10/150] Batch [3800/4682] Loss: 0.007532
8228.0s 496 Epoch [10/150] Batch [3900/4682] Loss: 0.007463
8245.6s 497 Epoch [10/150] Batch [4000/4682] Loss: 0.007079
8263.1s 498 Epoch [10/150] Batch [4100/4682] Loss: 0.007896
8280.7s 499 Epoch [10/150] Batch [4200/4682] Loss: 0.007803
8298.3s 500 Epoch [10/150] Batch [4300/4682] Loss: 0.008175
8316.1s 501 Epoch [10/150] Batch [4400/4682] Loss: 0.007341
8333.6s 502 Epoch [10/150] Batch [4500/4682] Loss: 0.008074
8351.7s 503 Epoch [10/150] Batch [4600/4682] Loss: 0.007434
8366.4s 504 ==> Epoch 10 Average Loss: 0.007811
8366.4s 505 *** New best model saved (Loss: 0.007811) ***
8367.5s 506 Epoch [11/150] Batch [0/4682] Loss: 0.007074
8385.3s 507 Epoch [11/150] Batch [100/4682] Loss: 0.008479
8403.1s 508 Epoch [11/150] Batch [200/4682] Loss: 0.007572
8421.1s 509 Epoch [11/150] Batch [300/4682] Loss: 0.007891
8438.7s 510 Epoch [11/150] Batch [400/4682] Loss: 0.006986
8456.7s 511 Epoch [11/150] Batch [500/4682] Loss: 0.007854
8474.4s 512 Epoch [11/150] Batch [600/4682] Loss: 0.008050
8492.8s 513 Epoch [11/150] Batch [700/4682] Loss: 0.007215
8510.7s 514 Epoch [11/150] Batch [800/4682] Loss: 0.006463
8528.6s 515 Epoch [11/150] Batch [900/4682] Loss: 0.007101
8546.1s 516 Epoch [11/150] Batch [1000/4682] Loss: 0.007804
8564.1s 517 Epoch [11/150] Batch [1100/4682] Loss: 0.008866
8581.6s 518 Epoch [11/150] Batch [1200/4682] Loss: 0.007619
8599.4s 519 Epoch [11/150] Batch [1300/4682] Loss: 0.007798
8617.4s 520 Epoch [11/150] Batch [1400/4682] Loss: 0.008184
8635.2s 521 Epoch [11/150] Batch [1500/4682] Loss: 0.007451
8652.9s 522 Epoch [11/150] Batch [1600/4682] Loss: 0.007268
8670.7s 523 Epoch [11/150] Batch [1700/4682] Loss: 0.006911
8688.5s 524 Epoch [11/150] Batch [1800/4682] Loss: 0.007445
8706.8s 525 Epoch [11/150] Batch [1900/4682] Loss: 0.007952
8724.5s 526 Epoch [11/150] Batch [2000/4682] Loss: 0.008176
8742.3s 527 Epoch [11/150] Batch [2100/4682] Loss: 0.009651
8759.7s 528 Epoch [11/150] Batch [2200/4682] Loss: 0.008377
8777.9s 529 Epoch [11/150] Batch [2300/4682] Loss: 0.007427
8795.7s 530 Epoch [11/150] Batch [2400/4682] Loss: 0.007053
8813.5s 531 Epoch [11/150] Batch [2500/4682] Loss: 0.007323
8831.0s 532 Epoch [11/150] Batch [2600/4682] Loss: 0.008125
8848.7s 533 Epoch [11/150] Batch [2700/4682] Loss: 0.007369
8866.4s 534 Epoch [11/150] Batch [2800/4682] Loss: 0.006470
8884.4s 535 Epoch [11/150] Batch [2900/4682] Loss: 0.007602
8903.7s 536 Epoch [11/150] Batch [3000/4682] Loss: 0.007788
8921.9s 537 Epoch [11/150] Batch [3100/4682] Loss: 0.008463
8940.1s 538 Epoch [11/150] Batch [3200/4682] Loss: 0.007047
8959.5s 539 Epoch [11/150] Batch [3300/4682] Loss: 0.006426
8978.7s 540 Epoch [11/150] Batch [3400/4682] Loss: 0.008502
8997.6s 541 Epoch [11/150] Batch [3500/4682] Loss: 0.008376
9015.7s 542 Epoch [11/150] Batch [3600/4682] Loss: 0.009016
9033.4s 543 Epoch [11/150] Batch [3700/4682] Loss: 0.007141
9051.1s 544 Epoch [11/150] Batch [3800/4682] Loss: 0.008132
9068.7s 545 Epoch [11/150] Batch [3900/4682] Loss: 0.008078
9086.0s 546 Epoch [11/150] Batch [4000/4682] Loss: 0.006673
9103.7s 547 Epoch [11/150] Batch [4100/4682] Loss: 0.007807
9121.0s 548 Epoch [11/150] Batch [4200/4682] Loss: 0.007229
9138.7s 549 Epoch [11/150] Batch [4300/4682] Loss: 0.009219
9156.3s 550 Epoch [11/150] Batch [4400/4682] Loss: 0.007371
9174.0s 551 Epoch [11/150] Batch [4500/4682] Loss: 0.008213
9191.5s 552 Epoch [11/150] Batch [4600/4682] Loss: 0.006569
9205.8s 553 ==> Epoch 11 Average Loss: 0.007697
9205.8s 554 *** New best model saved (Loss: 0.007697) ***
9206.9s 555 Epoch [12/150] Batch [0/4682] Loss: 0.009229
9224.5s 556 Epoch [12/150] Batch [100/4682] Loss: 0.007217
9242.3s 557 Epoch [12/150] Batch [200/4682] Loss: 0.007659
9259.8s 558 Epoch [12/150] Batch [300/4682] Loss: 0.008145
9277.7s 559 Epoch [12/150] Batch [400/4682] Loss: 0.008599
9295.6s 560 Epoch [12/150] Batch [500/4682] Loss: 0.007656
9313.2s 561 Epoch [12/150] Batch [600/4682] Loss: 0.006854
9330.5s 562 Epoch [12/150] Batch [700/4682] Loss: 0.007924
9348.1s 563 Epoch [12/150] Batch [800/4682] Loss: 0.007927
9365.6s 564 Epoch [12/150] Batch [900/4682] Loss: 0.006878
9383.3s 565 Epoch [12/150] Batch [1000/4682] Loss: 0.007286
9400.9s 566 Epoch [12/150] Batch [1100/4682] Loss: 0.007297
9418.5s 567 Epoch [12/150] Batch [1200/4682] Loss: 0.008429
9435.9s 568 Epoch [12/150] Batch [1300/4682] Loss: 0.008413
9453.5s 569 Epoch [12/150] Batch [1400/4682] Loss: 0.007548
9470.9s 570 Epoch [12/150] Batch [1500/4682] Loss: 0.006328
9488.3s 571 Epoch [12/150] Batch [1600/4682] Loss: 0.007858
9505.9s 572 Epoch [12/150] Batch [1700/4682] Loss: 0.007625
9523.7s 573 Epoch [12/150] Batch [1800/4682] Loss: 0.007658
9541.4s 574 Epoch [12/150] Batch [1900/4682] Loss: 0.006353
9559.2s 575 Epoch [12/150] Batch [2000/4682] Loss: 0.007614
9576.6s 576 Epoch [12/150] Batch [2100/4682] Loss: 0.007405
9594.1s 577 Epoch [12/150] Batch [2200/4682] Loss: 0.006812
9611.6s 578 Epoch [12/150] Batch [2300/4682] Loss: 0.007612
9629.5s 579 Epoch [12/150] Batch [2400/4682] Loss: 0.007907
9647.0s 580 Epoch [12/150] Batch [2500/4682] Loss: 0.008344
9664.4s 581 Epoch [12/150] Batch [2600/4682] Loss: 0.006523
9681.8s 582 Epoch [12/150] Batch [2700/4682] Loss: 0.007117
9699.6s 583 Epoch [12/150] Batch [2800/4682] Loss: 0.008083
9717.3s 584 Epoch [12/150] Batch [2900/4682] Loss: 0.008277
9735.0s 585 Epoch [12/150] Batch [3000/4682] Loss: 0.006973
9752.3s 586 Epoch [12/150] Batch [3100/4682] Loss: 0.008049
9769.9s 587 Epoch [12/150] Batch [3200/4682] Loss: 0.007170
9787.6s 588 Epoch [12/150] Batch [3300/4682] Loss: 0.007750
9805.6s 589 Epoch [12/150] Batch [3400/4682] Loss: 0.006609
9823.0s 590 Epoch [12/150] Batch [3500/4682] Loss: 0.006994
9840.8s 591 Epoch [12/150] Batch [3600/4682] Loss: 0.006538
9858.3s 592 Epoch [12/150] Batch [3700/4682] Loss: 0.007245
9875.9s 593 Epoch [12/150] Batch [3800/4682] Loss: 0.008499
9893.6s 594 Epoch [12/150] Batch [3900/4682] Loss: 0.007052
9911.5s 595 Epoch [12/150] Batch [4000/4682] Loss: 0.007313
9929.2s 596 Epoch [12/150] Batch [4100/4682] Loss: 0.007946
9947.1s 597 Epoch [12/150] Batch [4200/4682] Loss: 0.008245
9964.6s 598 Epoch [12/150] Batch [4300/4682] Loss: 0.007509
9982.3s 599 Epoch [12/150] Batch [4400/4682] Loss: 0.007565
9999.8s 600 Epoch [12/150] Batch [4500/4682] Loss: 0.007560
10017.5s 601 Epoch [12/150] Batch [4600/4682] Loss: 0.007282
10031.9s 602 ==> Epoch 12 Average Loss: 0.007605
10031.9s 603 *** New best model saved (Loss: 0.007605) ***
10033.1s 604 Epoch [13/150] Batch [0/4682] Loss: 0.006814
10050.8s 605 Epoch [13/150] Batch [100/4682] Loss: 0.008088
10068.4s 606 Epoch [13/150] Batch [200/4682] Loss: 0.007712
10086.1s 607 Epoch [13/150] Batch [300/4682] Loss: 0.007570
10103.6s 608 Epoch [13/150] Batch [400/4682] Loss: 0.007463
10121.0s 609 Epoch [13/150] Batch [500/4682] Loss: 0.008041
10138.3s 610 Epoch [13/150] Batch [600/4682] Loss: 0.007323
10156.1s 611 Epoch [13/150] Batch [700/4682] Loss: 0.006978
10173.8s 612 Epoch [13/150] Batch [800/4682] Loss: 0.006485
10191.4s 613 Epoch [13/150] Batch [900/4682] Loss: 0.007863
10208.6s 614 Epoch [13/150] Batch [1000/4682] Loss: 0.006977
10226.0s 615 Epoch [13/150] Batch [1100/4682] Loss: 0.007782
10243.8s 616 Epoch [13/150] Batch [1200/4682] Loss: 0.007905
10261.6s 617 Epoch [13/150] Batch [1300/4682] Loss: 0.007075
10279.0s 618 Epoch [13/150] Batch [1400/4682] Loss: 0.007026
10296.5s 619 Epoch [13/150] Batch [1500/4682] Loss: 0.007399
10313.9s 620 Epoch [13/150] Batch [1600/4682] Loss: 0.007807
10331.6s 621 Epoch [13/150] Batch [1700/4682] Loss: 0.007519
10349.3s 622 Epoch [13/150] Batch [1800/4682] Loss: 0.007440
10367.0s 623 Epoch [13/150] Batch [1900/4682] Loss: 0.007916
10384.6s 624 Epoch [13/150] Batch [2000/4682] Loss: 0.007849
10402.2s 625 Epoch [13/150] Batch [2100/4682] Loss: 0.007529
10419.5s 626 Epoch [13/150] Batch [2200/4682] Loss: 0.007036
10437.1s 627 Epoch [13/150] Batch [2300/4682] Loss: 0.007485
10454.7s 628 Epoch [13/150] Batch [2400/4682] Loss: 0.008475
10472.4s 629 Epoch [13/150] Batch [2500/4682] Loss: 0.007617
10489.8s 630 Epoch [13/150] Batch [2600/4682] Loss: 0.007556
10507.2s 631 Epoch [13/150] Batch [2700/4682] Loss: 0.006794
10524.6s 632 Epoch [13/150] Batch [2800/4682] Loss: 0.008284
10542.3s 633 Epoch [13/150] Batch [2900/4682] Loss: 0.006928
10560.0s 634 Epoch [13/150] Batch [3000/4682] Loss: 0.007741
10577.6s 635 Epoch [13/150] Batch [3100/4682] Loss: 0.007020
10595.1s 636 Epoch [13/150] Batch [3200/4682] Loss: 0.006891
10612.6s 637 Epoch [13/150] Batch [3300/4682] Loss: 0.007850
10630.0s 638 Epoch [13/150] Batch [3400/4682] Loss: 0.006700
10648.0s 639 Epoch [13/150] Batch [3500/4682] Loss: 0.007482
10665.5s 640 Epoch [13/150] Batch [3600/4682] Loss: 0.007763
10683.2s 641 Epoch [13/150] Batch [3700/4682] Loss: 0.007849
10700.7s 642 Epoch [13/150] Batch [3800/4682] Loss: 0.007536
10718.5s 643 Epoch [13/150] Batch [3900/4682] Loss: 0.007783
10736.1s 644 Epoch [13/150] Batch [4000/4682] Loss: 0.006401
10753.8s 645 Epoch [13/150] Batch [4100/4682] Loss: 0.007220
10771.3s 646 Epoch [13/150] Batch [4200/4682] Loss: 0.008268
10789.1s 647 Epoch [13/150] Batch [4300/4682] Loss: 0.008254
10806.7s 648 Epoch [13/150] Batch [4400/4682] Loss: 0.007143
10824.4s 649 Epoch [13/150] Batch [4500/4682] Loss: 0.007349
10841.9s 650 Epoch [13/150] Batch [4600/4682] Loss: 0.007882
10856.1s 651 ==> Epoch 13 Average Loss: 0.007492
10856.1s 652 *** New best model saved (Loss: 0.007492) ***
10857.3s 653 Epoch [14/150] Batch [0/4682] Loss: 0.007220
10874.9s 654 Epoch [14/150] Batch [100/4682] Loss: 0.006699
10892.5s 655 Epoch [14/150] Batch [200/4682] Loss: 0.007815
10910.0s 656 Epoch [14/150] Batch [300/4682] Loss: 0.007717
10927.7s 657 Epoch [14/150] Batch [400/4682] Loss: 0.007115
10945.1s 658 Epoch [14/150] Batch [500/4682] Loss: 0.008065
10962.6s 659 Epoch [14/150] Batch [600/4682] Loss: 0.008004
10979.9s 660 Epoch [14/150] Batch [700/4682] Loss: 0.006645
10997.7s 661 Epoch [14/150] Batch [800/4682] Loss: 0.008592
11015.4s 662 Epoch [14/150] Batch [900/4682] Loss: 0.007495
11033.0s 663 Epoch [14/150] Batch [1000/4682] Loss: 0.008111
11050.2s 664 Epoch [14/150] Batch [1100/4682] Loss: 0.007131
11067.9s 665 Epoch [14/150] Batch [1200/4682] Loss: 0.007082
11085.6s 666 Epoch [14/150] Batch [1300/4682] Loss: 0.006686
11103.3s 667 Epoch [14/150] Batch [1400/4682] Loss: 0.007238
11120.7s 668 Epoch [14/150] Batch [1500/4682] Loss: 0.006775
11138.1s 669 Epoch [14/150] Batch [1600/4682] Loss: 0.006840
11155.6s 670 Epoch [14/150] Batch [1700/4682] Loss: 0.007267
11173.3s 671 Epoch [14/150] Batch [1800/4682] Loss: 0.007341
11190.9s 672 Epoch [14/150] Batch [1900/4682] Loss: 0.007779
11208.7s 673 Epoch [14/150] Batch [2000/4682] Loss: 0.006998
11226.0s 674 Epoch [14/150] Batch [2100/4682] Loss: 0.007976
11243.5s 675 Epoch [14/150] Batch [2200/4682] Loss: 0.007514
11260.8s 676 Epoch [14/150] Batch [2300/4682] Loss: 0.006982
11278.7s 677 Epoch [14/150] Batch [2400/4682] Loss: 0.007548
11296.3s 678 Epoch [14/150] Batch [2500/4682] Loss: 0.006428
11313.9s 679 Epoch [14/150] Batch [2600/4682] Loss: 0.007357
11331.2s 680 Epoch [14/150] Batch [2700/4682] Loss: 0.006166
11348.7s 681 Epoch [14/150] Batch [2800/4682] Loss: 0.007991
11366.3s 682 Epoch [14/150] Batch [2900/4682] Loss: 0.006591
11384.1s 683 Epoch [14/150] Batch [3000/4682] Loss: 0.007274
11401.4s 684 Epoch [14/150] Batch [3100/4682] Loss: 0.007336
11418.9s 685 Epoch [14/150] Batch [3200/4682] Loss: 0.007717
11436.3s 686 Epoch [14/150] Batch [3300/4682] Loss: 0.008113
11454.1s 687 Epoch [14/150] Batch [3400/4682] Loss: 0.007583
11471.6s 688 Epoch [14/150] Batch [3500/4682] Loss: 0.006778
11489.3s 689 Epoch [14/150] Batch [3600/4682] Loss: 0.007608
11506.8s 690 Epoch [14/150] Batch [3700/4682] Loss: 0.006197
11524.3s 691 Epoch [14/150] Batch [3800/4682] Loss: 0.006521
11541.8s 692 Epoch [14/150] Batch [3900/4682] Loss: 0.008666
11559.4s 693 Epoch [14/150] Batch [4000/4682] Loss: 0.007383
11577.2s 694 Epoch [14/150] Batch [4100/4682] Loss: 0.007691
11594.8s 695 Epoch [14/150] Batch [4200/4682] Loss: 0.007222
11612.6s 696 Epoch [14/150] Batch [4300/4682] Loss: 0.008520
11630.4s 697 Epoch [14/150] Batch [4400/4682] Loss: 0.008133
11648.3s 698 Epoch [14/150] Batch [4500/4682] Loss: 0.007606
11666.1s 699 Epoch [14/150] Batch [4600/4682] Loss: 0.008282
11680.3s 700 ==> Epoch 14 Average Loss: 0.007412
11680.3s 701 *** New best model saved (Loss: 0.007412) ***
11681.3s 702 Epoch [15/150] Batch [0/4682] Loss: 0.007546
11699.0s 703 Epoch [15/150] Batch [100/4682] Loss: 0.007138
11716.7s 704 Epoch [15/150] Batch [200/4682] Loss: 0.008229
11734.4s 705 Epoch [15/150] Batch [300/4682] Loss: 0.007954
11751.9s 706 Epoch [15/150] Batch [400/4682] Loss: 0.006608
11769.6s 707 Epoch [15/150] Batch [500/4682] Loss: 0.007623
11787.0s 708 Epoch [15/150] Batch [600/4682] Loss: 0.007139
11804.7s 709 Epoch [15/150] Batch [700/4682] Loss: 0.006651
11822.2s 710 Epoch [15/150] Batch [800/4682] Loss: 0.006096
11839.8s 711 Epoch [15/150] Batch [900/4682] Loss: 0.007627
11857.3s 712 Epoch [15/150] Batch [1000/4682] Loss: 0.007248
11874.8s 713 Epoch [15/150] Batch [1100/4682] Loss: 0.007699
11892.1s 714 Epoch [15/150] Batch [1200/4682] Loss: 0.008222
11909.7s 715 Epoch [15/150] Batch [1300/4682] Loss: 0.007312
11926.9s 716 Epoch [15/150] Batch [1400/4682] Loss: 0.007981
11944.4s 717 Epoch [15/150] Batch [1500/4682] Loss: 0.006903
11961.8s 718 Epoch [15/150] Batch [1600/4682] Loss: 0.006657
11979.4s 719 Epoch [15/150] Batch [1700/4682] Loss: 0.007369
11996.9s 720 Epoch [15/150] Batch [1800/4682] Loss: 0.007802
12014.5s 721 Epoch [15/150] Batch [1900/4682] Loss: 0.006774
12031.8s 722 Epoch [15/150] Batch [2000/4682] Loss: 0.008183
12049.4s 723 Epoch [15/150] Batch [2100/4682] Loss: 0.008471
12066.8s 724 Epoch [15/150] Batch [2200/4682] Loss: 0.008123
12084.4s 725 Epoch [15/150] Batch [2300/4682] Loss: 0.007753
12101.9s 726 Epoch [15/150] Batch [2400/4682] Loss: 0.007557
12119.5s 727 Epoch [15/150] Batch [2500/4682] Loss: 0.007306
12137.1s 728 Epoch [15/150] Batch [2600/4682] Loss: 0.008072
12154.9s 729 Epoch [15/150] Batch [2700/4682] Loss: 0.006932
12173.8s 730 Epoch [15/150] Batch [2800/4682] Loss: 0.008506
12191.5s 731 Epoch [15/150] Batch [2900/4682] Loss: 0.007634
12209.0s 732 Epoch [15/150] Batch [3000/4682] Loss: 0.007127
12226.6s 733 Epoch [15/150] Batch [3100/4682] Loss: 0.007264
12244.2s 734 Epoch [15/150] Batch [3200/4682] Loss: 0.006928
12261.9s 735 Epoch [15/150] Batch [3300/4682] Loss: 0.006657
12279.5s 736 Epoch [15/150] Batch [3400/4682] Loss: 0.006665
12297.1s 737 Epoch [15/150] Batch [3500/4682] Loss: 0.007242
12314.5s 738 Epoch [15/150] Batch [3600/4682] Loss: 0.007081
12332.1s 739 Epoch [15/150] Batch [3700/4682] Loss: 0.007882
12349.5s 740 Epoch [15/150] Batch [3800/4682] Loss: 0.006752
12366.9s 741 Epoch [15/150] Batch [3900/4682] Loss: 0.008064
12384.3s 742 Epoch [15/150] Batch [4000/4682] Loss: 0.007555
12402.1s 743 Epoch [15/150] Batch [4100/4682] Loss: 0.007905
12419.6s 744 Epoch [15/150] Batch [4200/4682] Loss: 0.007343
12437.1s 745 Epoch [15/150] Batch [4300/4682] Loss: 0.008036
12454.5s 746 Epoch [15/150] Batch [4400/4682] Loss: 0.006813
12472.1s 747 Epoch [15/150] Batch [4500/4682] Loss: 0.007524
12489.4s 748 Epoch [15/150] Batch [4600/4682] Loss: 0.005854
12503.5s 749 ==> Epoch 15 Average Loss: 0.007328
12503.5s 750 *** New best model saved (Loss: 0.007328) ***
12504.7s 751 Epoch [16/150] Batch [0/4682] Loss: 0.006257
12522.1s 752 Epoch [16/150] Batch [100/4682] Loss: 0.006790
12539.6s 753 Epoch [16/150] Batch [200/4682] Loss: 0.006861
12557.1s 754 Epoch [16/150] Batch [300/4682] Loss: 0.006771
12574.9s 755 Epoch [16/150] Batch [400/4682] Loss: 0.006263
12592.4s 756 Epoch [16/150] Batch [500/4682] Loss: 0.007129
12610.1s 757 Epoch [16/150] Batch [600/4682] Loss: 0.006640
12627.4s 758 Epoch [16/150] Batch [700/4682] Loss: 0.006182
12645.0s 759 Epoch [16/150] Batch [800/4682] Loss: 0.007335
12662.3s 760 Epoch [16/150] Batch [900/4682] Loss: 0.006388
12679.8s 761 Epoch [16/150] Batch [1000/4682] Loss: 0.006300
12697.4s 762 Epoch [16/150] Batch [1100/4682] Loss: 0.007090
12715.1s 763 Epoch [16/150] Batch [1200/4682] Loss: 0.008463
12732.6s 764 Epoch [16/150] Batch [1300/4682] Loss: 0.006788
12750.2s 765 Epoch [16/150] Batch [1400/4682] Loss: 0.009213
12767.8s 766 Epoch [16/150] Batch [1500/4682] Loss: 0.009105
12785.2s 767 Epoch [16/150] Batch [1600/4682] Loss: 0.008481
12802.6s 768 Epoch [16/150] Batch [1700/4682] Loss: 0.006998
12820.1s 769 Epoch [16/150] Batch [1800/4682] Loss: 0.008792
12837.3s 770 Epoch [16/150] Batch [1900/4682] Loss: 0.008629
12855.0s 771 Epoch [16/150] Batch [2000/4682] Loss: 0.009398
12872.4s 772 Epoch [16/150] Batch [2100/4682] Loss: 0.006900
12890.2s 773 Epoch [16/150] Batch [2200/4682] Loss: 0.008520
12907.6s 774 Epoch [16/150] Batch [2300/4682] Loss: 0.007323
12925.4s 775 Epoch [16/150] Batch [2400/4682] Loss: 0.008481
12943.0s 776 Epoch [16/150] Batch [2500/4682] Loss: 0.007085
12960.7s 777 Epoch [16/150] Batch [2600/4682] Loss: 0.008488
12978.1s 778 Epoch [16/150] Batch [2700/4682] Loss: 0.009438
12995.6s 779 Epoch [16/150] Batch [2800/4682] Loss: 0.006411
13012.9s 780 Epoch [16/150] Batch [2900/4682] Loss: 0.007760
13030.5s 781 Epoch [16/150] Batch [3000/4682] Loss: 0.007627
13047.9s 782 Epoch [16/150] Batch [3100/4682] Loss: 0.007871
13065.5s 783 Epoch [16/150] Batch [3200/4682] Loss: 0.007903
13082.8s 784 Epoch [16/150] Batch [3300/4682] Loss: 0.008098
13100.3s 785 Epoch [16/150] Batch [3400/4682] Loss: 0.007431
13117.7s 786 Epoch [16/150] Batch [3500/4682] Loss: 0.007036
13135.5s 787 Epoch [16/150] Batch [3600/4682] Loss: 0.007024
13153.0s 788 Epoch [16/150] Batch [3700/4682] Loss: 0.006416
13170.6s 789 Epoch [16/150] Batch [3800/4682] Loss: 0.007265
13187.8s 790 Epoch [16/150] Batch [3900/4682] Loss: 0.007647
13205.4s 791 Epoch [16/150] Batch [4000/4682] Loss: 0.006913
13223.0s 792 Epoch [16/150] Batch [4100/4682] Loss: 0.008704
13240.7s 793 Epoch [16/150] Batch [4200/4682] Loss: 0.007036
13258.0s 794 Epoch [16/150] Batch [4300/4682] Loss: 0.007211
13275.5s 795 Epoch [16/150] Batch [4400/4682] Loss: 0.007545
13292.8s 796 Epoch [16/150] Batch [4500/4682] Loss: 0.008041
13310.5s 797 Epoch [16/150] Batch [4600/4682] Loss: 0.007042
13324.6s 798 ==> Epoch 16 Average Loss: 0.007638
13325.8s 799 Epoch [17/150] Batch [0/4682] Loss: 0.007347
13343.5s 800 Epoch [17/150] Batch [100/4682] Loss: 0.007365
13361.0s 801 Epoch [17/150] Batch [200/4682] Loss: 0.006259
13378.7s 802 Epoch [17/150] Batch [300/4682] Loss: 0.007030
13396.3s 803 Epoch [17/150] Batch [400/4682] Loss: 0.008179
13414.1s 804 Epoch [17/150] Batch [500/4682] Loss: 0.007446
13431.6s 805 Epoch [17/150] Batch [600/4682] Loss: 0.006241
13449.2s 806 Epoch [17/150] Batch [700/4682] Loss: 0.006501
13466.6s 807 Epoch [17/150] Batch [800/4682] Loss: 0.006767
13484.1s 808 Epoch [17/150] Batch [900/4682] Loss: 0.005994
13501.4s 809 Epoch [17/150] Batch [1000/4682] Loss: 0.006520
13519.0s 810 Epoch [17/150] Batch [1100/4682] Loss: 0.006070
13536.3s 811 Epoch [17/150] Batch [1200/4682] Loss: 0.007568
13553.8s 812 Epoch [17/150] Batch [1300/4682] Loss: 0.006408
13571.2s 813 Epoch [17/150] Batch [1400/4682] Loss: 0.006626
13588.7s 814 Epoch [17/150] Batch [1500/4682] Loss: 0.006397
13606.2s 815 Epoch [17/150] Batch [1600/4682] Loss: 0.006844
13624.0s 816 Epoch [17/150] Batch [1700/4682] Loss: 0.007845
13641.6s 817 Epoch [17/150] Batch [1800/4682] Loss: 0.007783
13659.4s 818 Epoch [17/150] Batch [1900/4682] Loss: 0.007787
13676.6s 819 Epoch [17/150] Batch [2000/4682] Loss: 0.006558
13694.4s 820 Epoch [17/150] Batch [2100/4682] Loss: 0.007754
13712.0s 821 Epoch [17/150] Batch [2200/4682] Loss: 0.006428
13729.6s 822 Epoch [17/150] Batch [2300/4682] Loss: 0.006841
13747.5s 823 Epoch [17/150] Batch [2400/4682] Loss: 0.007166
13765.5s 824 Epoch [17/150] Batch [2500/4682] Loss: 0.008243
13783.2s 825 Epoch [17/150] Batch [2600/4682] Loss: 0.005575
13801.2s 826 Epoch [17/150] Batch [2700/4682] Loss: 0.007778
13818.8s 827 Epoch [17/150] Batch [2800/4682] Loss: 0.007486
13836.6s 828 Epoch [17/150] Batch [2900/4682] Loss: 0.007729
13854.4s 829 Epoch [17/150] Batch [3000/4682] Loss: 0.006832
13872.3s 830 Epoch [17/150] Batch [3100/4682] Loss: 0.006360
13889.8s 831 Epoch [17/150] Batch [3200/4682] Loss: 0.007423
13907.9s 832 Epoch [17/150] Batch [3300/4682] Loss: 0.007582
13925.7s 833 Epoch [17/150] Batch [3400/4682] Loss: 0.007095
13943.6s 834 Epoch [17/150] Batch [3500/4682] Loss: 0.008166
13961.2s 835 Epoch [17/150] Batch [3600/4682] Loss: 0.006814
13978.8s 836 Epoch [17/150] Batch [3700/4682] Loss: 0.005718
13996.8s 837 Epoch [17/150] Batch [3800/4682] Loss: 0.006902
14014.7s 838 Epoch [17/150] Batch [3900/4682] Loss: 0.007212
14032.2s 839 Epoch [17/150] Batch [4000/4682] Loss: 0.007404
14049.9s 840 Epoch [17/150] Batch [4100/4682] Loss: 0.008009
14067.5s 841 Epoch [17/150] Batch [4200/4682] Loss: 0.007347
14085.1s 842 Epoch [17/150] Batch [4300/4682] Loss: 0.008978
14102.6s 843 Epoch [17/150] Batch [4400/4682] Loss: 0.006112
14120.3s 844 Epoch [17/150] Batch [4500/4682] Loss: 0.007752
14137.8s 845 Epoch [17/150] Batch [4600/4682] Loss: 0.006735
14152.0s 846 ==> Epoch 17 Average Loss: 0.007159
14152.0s 847 *** New best model saved (Loss: 0.007159) ***
14153.0s 848 Epoch [18/150] Batch [0/4682] Loss: 0.006548
14170.7s 849 Epoch [18/150] Batch [100/4682] Loss: 0.006681
14188.4s 850 Epoch [18/150] Batch [200/4682] Loss: 0.007186
14205.9s 851 Epoch [18/150] Batch [300/4682] Loss: 0.006633
14223.6s 852 Epoch [18/150] Batch [400/4682] Loss: 0.006284
14241.0s 853 Epoch [18/150] Batch [500/4682] Loss: 0.006914
14258.6s 854 Epoch [18/150] Batch [600/4682] Loss: 0.006270
14275.9s 855 Epoch [18/150] Batch [700/4682] Loss: 0.007381
14293.6s 856 Epoch [18/150] Batch [800/4682] Loss: 0.007277
14311.1s 857 Epoch [18/150] Batch [900/4682] Loss: 0.007148
14328.8s 858 Epoch [18/150] Batch [1000/4682] Loss: 0.007274
14346.2s 859 Epoch [18/150] Batch [1100/4682] Loss: 0.006366
14363.9s 860 Epoch [18/150] Batch [1200/4682] Loss: 0.006735
14381.5s 861 Epoch [18/150] Batch [1300/4682] Loss: 0.006415
14399.2s 862 Epoch [18/150] Batch [1400/4682] Loss: 0.007700
14416.7s 863 Epoch [18/150] Batch [1500/4682] Loss: 0.005922
14434.4s 864 Epoch [18/150] Batch [1600/4682] Loss: 0.007048
14452.0s 865 Epoch [18/150] Batch [1700/4682] Loss: 0.007720
14469.7s 866 Epoch [18/150] Batch [1800/4682] Loss: 0.006913
14487.1s 867 Epoch [18/150] Batch [1900/4682] Loss: 0.006557
14504.9s 868 Epoch [18/150] Batch [2000/4682] Loss: 0.006954
14522.2s 869 Epoch [18/150] Batch [2100/4682] Loss: 0.007618
14540.0s 870 Epoch [18/150] Batch [2200/4682] Loss: 0.007940
14557.7s 871 Epoch [18/150] Batch [2300/4682] Loss: 0.006965
14575.5s 872 Epoch [18/150] Batch [2400/4682] Loss: 0.006530
14593.1s 873 Epoch [18/150] Batch [2500/4682] Loss: 0.007099
14610.5s 874 Epoch [18/150] Batch [2600/4682] Loss: 0.006617
14628.1s 875 Epoch [18/150] Batch [2700/4682] Loss: 0.006319
14645.8s 876 Epoch [18/150] Batch [2800/4682] Loss: 0.006091
14663.3s 877 Epoch [18/150] Batch [2900/4682] Loss: 0.007072
14680.9s 878 Epoch [18/150] Batch [3000/4682] Loss: 0.008587
14698.2s 879 Epoch [18/150] Batch [3100/4682] Loss: 0.008090
14715.7s 880 Epoch [18/150] Batch [3200/4682] Loss: 0.008172
14733.3s 881 Epoch [18/150] Batch [3300/4682] Loss: 0.006463
14750.9s 882 Epoch [18/150] Batch [3400/4682] Loss: 0.007085
14768.3s 883 Epoch [18/150] Batch [3500/4682] Loss: 0.006595
14786.0s 884 Epoch [18/150] Batch [3600/4682] Loss: 0.006445
14803.4s 885 Epoch [18/150] Batch [3700/4682] Loss: 0.007425
14820.9s 886 Epoch [18/150] Batch [3800/4682] Loss: 0.007741
14838.4s 887 Epoch [18/150] Batch [3900/4682] Loss: 0.006410
14855.9s 888 Epoch [18/150] Batch [4000/4682] Loss: 0.006778
14873.4s 889 Epoch [18/150] Batch [4100/4682] Loss: 0.007679
14891.1s 890 Epoch [18/150] Batch [4200/4682] Loss: 0.007767
14908.6s 891 Epoch [18/150] Batch [4300/4682] Loss: 0.008432
14926.4s 892 Epoch [18/150] Batch [4400/4682] Loss: 0.007975
14943.9s 893 Epoch [18/150] Batch [4500/4682] Loss: 0.006630
14961.7s 894 Epoch [18/150] Batch [4600/4682] Loss: 0.007138
14975.8s 895 ==> Epoch 18 Average Loss: 0.007203
14976.8s 896 Epoch [19/150] Batch [0/4682] Loss: 0.007490
14994.8s 897 Epoch [19/150] Batch [100/4682] Loss: 0.008074
15012.2s 898 Epoch [19/150] Batch [200/4682] Loss: 0.007054
15030.0s 899 Epoch [19/150] Batch [300/4682] Loss: 0.006186
15047.5s 900 Epoch [19/150] Batch [400/4682] Loss: 0.006795
15065.2s 901 Epoch [19/150] Batch [500/4682] Loss: 0.007445
15082.7s 902 Epoch [19/150] Batch [600/4682] Loss: 0.006176
15100.2s 903 Epoch [19/150] Batch [700/4682] Loss: 0.006579
15117.6s 904 Epoch [19/150] Batch [800/4682] Loss: 0.007828
15135.5s 905 Epoch [19/150] Batch [900/4682] Loss: 0.006965
15153.1s 906 Epoch [19/150] Batch [1000/4682] Loss: 0.006102
15170.5s 907 Epoch [19/150] Batch [1100/4682] Loss: 0.006600
15187.7s 908 Epoch [19/150] Batch [1200/4682] Loss: 0.007043
15205.3s 909 Epoch [19/150] Batch [1300/4682] Loss: 0.008249
15223.0s 910 Epoch [19/150] Batch [1400/4682] Loss: 0.006882
15240.9s 911 Epoch [19/150] Batch [1500/4682] Loss: 0.007547
15258.4s 912 Epoch [19/150] Batch [1600/4682] Loss: 0.007315
15276.1s 913 Epoch [19/150] Batch [1700/4682] Loss: 0.006620
15293.3s 914 Epoch [19/150] Batch [1800/4682] Loss: 0.007031
15310.9s 915 Epoch [19/150] Batch [1900/4682] Loss: 0.007528
15328.3s 916 Epoch [19/150] Batch [2000/4682] Loss: 0.007623
15346.0s 917 Epoch [19/150] Batch [2100/4682] Loss: 0.007390
15363.6s 918 Epoch [19/150] Batch [2200/4682] Loss: 0.006688
15381.2s 919 Epoch [19/150] Batch [2300/4682] Loss: 0.006242
15398.6s 920 Epoch [19/150] Batch [2400/4682] Loss: 0.006380
15416.2s 921 Epoch [19/150] Batch [2500/4682] Loss: 0.006931
15433.8s 922 Epoch [19/150] Batch [2600/4682] Loss: 0.007745
15451.3s 923 Epoch [19/150] Batch [2700/4682] Loss: 0.006055
15468.6s 924 Epoch [19/150] Batch [2800/4682] Loss: 0.007696
15486.1s 925 Epoch [19/150] Batch [2900/4682] Loss: 0.006151
15503.6s 926 Epoch [19/150] Batch [3000/4682] Loss: 0.006404
15521.1s 927 Epoch [19/150] Batch [3100/4682] Loss: 0.005832
15538.5s 928 Epoch [19/150] Batch [3200/4682] Loss: 0.007820
15556.1s 929 Epoch [19/150] Batch [3300/4682] Loss: 0.006304
15573.6s 930 Epoch [19/150] Batch [3400/4682] Loss: 0.006652
15591.2s 931 Epoch [19/150] Batch [3500/4682] Loss: 0.007596
15608.7s 932 Epoch [19/150] Batch [3600/4682] Loss: 0.006536
15626.5s 933 Epoch [19/150] Batch [3700/4682] Loss: 0.007879
15643.9s 934 Epoch [19/150] Batch [3800/4682] Loss: 0.006667
15661.7s 935 Epoch [19/150] Batch [3900/4682] Loss: 0.007625
15679.2s 936 Epoch [19/150] Batch [4000/4682] Loss: 0.008155
15696.9s 937 Epoch [19/150] Batch [4100/4682] Loss: 0.007258
15714.3s 938 Epoch [19/150] Batch [4200/4682] Loss: 0.007035
15731.8s 939 Epoch [19/150] Batch [4300/4682] Loss: 0.007418
15749.2s 940 Epoch [19/150] Batch [4400/4682] Loss: 0.007168
15766.8s 941 Epoch [19/150] Batch [4500/4682] Loss: 0.007709
15784.2s 942 Epoch [19/150] Batch [4600/4682] Loss: 0.006320
15798.4s 943 ==> Epoch 19 Average Loss: 0.007168
15799.4s 944 Epoch [20/150] Batch [0/4682] Loss: 0.007465
15817.3s 945 Epoch [20/150] Batch [100/4682] Loss: 0.007516
15834.9s 946 Epoch [20/150] Batch [200/4682] Loss: 0.006976
15852.4s 947 Epoch [20/150] Batch [300/4682] Loss: 0.006848
15870.2s 948 Epoch [20/150] Batch [400/4682] Loss: 0.008687
15887.7s 949 Epoch [20/150] Batch [500/4682] Loss: 0.007625
15905.2s 950 Epoch [20/150] Batch [600/4682] Loss: 0.007503
15922.7s 951 Epoch [20/150] Batch [700/4682] Loss: 0.007033
15940.3s 952 Epoch [20/150] Batch [800/4682] Loss: 0.007023
15957.8s 953 Epoch [20/150] Batch [900/4682] Loss: 0.007104
15975.6s 954 Epoch [20/150] Batch [1000/4682] Loss: 0.007041
15993.1s 955 Epoch [20/150] Batch [1100/4682] Loss: 0.007698
16010.7s 956 Epoch [20/150] Batch [1200/4682] Loss: 0.007723
16028.3s 957 Epoch [20/150] Batch [1300/4682] Loss: 0.007146
16045.9s 958 Epoch [20/150] Batch [1400/4682] Loss: 0.007159
16063.6s 959 Epoch [20/150] Batch [1500/4682] Loss: 0.007198
16081.3s 960 Epoch [20/150] Batch [1600/4682] Loss: 0.007883
16098.9s 961 Epoch [20/150] Batch [1700/4682] Loss: 0.006197
16116.5s 962 Epoch [20/150] Batch [1800/4682] Loss: 0.007977
16134.1s 963 Epoch [20/150] Batch [1900/4682] Loss: 0.007462
16151.8s 964 Epoch [20/150] Batch [2000/4682] Loss: 0.007406
16169.3s 965 Epoch [20/150] Batch [2100/4682] Loss: 0.007369
16187.5s 966 Epoch [20/150] Batch [2200/4682] Loss: 0.006605
16205.2s 967 Epoch [20/150] Batch [2300/4682] Loss: 0.007297
16222.9s 968 Epoch [20/150] Batch [2400/4682] Loss: 0.007103
16240.4s 969 Epoch [20/150] Batch [2500/4682] Loss: 0.007580
16258.3s 970 Epoch [20/150] Batch [2600/4682] Loss: 0.007084
16276.0s 971 Epoch [20/150] Batch [2700/4682] Loss: 0.005982
16294.2s 972 Epoch [20/150] Batch [2800/4682] Loss: 0.007074
16311.6s 973 Epoch [20/150] Batch [2900/4682] Loss: 0.007253
16329.5s 974 Epoch [20/150] Batch [3000/4682] Loss: 0.007158
16346.9s 975 Epoch [20/150] Batch [3100/4682] Loss: 0.007006
16364.7s 976 Epoch [20/150] Batch [3200/4682] Loss: 0.007527
16382.1s 977 Epoch [20/150] Batch [3300/4682] Loss: 0.007441
16399.9s 978 Epoch [20/150] Batch [3400/4682] Loss: 0.006297
16417.3s 979 Epoch [20/150] Batch [3500/4682] Loss: 0.006806
16435.1s 980 Epoch [20/150] Batch [3600/4682] Loss: 0.006779
16452.5s 981 Epoch [20/150] Batch [3700/4682] Loss: 0.007591
16470.1s 982 Epoch [20/150] Batch [3800/4682] Loss: 0.006578
16487.5s 983 Epoch [20/150] Batch [3900/4682] Loss: 0.007721
16505.3s 984 Epoch [20/150] Batch [4000/4682] Loss: 0.007609
16522.7s 985 Epoch [20/150] Batch [4100/4682] Loss: 0.007149
16540.4s 986 Epoch [20/150] Batch [4200/4682] Loss: 0.007004
16557.8s 987 Epoch [20/150] Batch [4300/4682] Loss: 0.006768
16575.4s 988 Epoch [20/150] Batch [4400/4682] Loss: 0.007246
16592.9s 989 Epoch [20/150] Batch [4500/4682] Loss: 0.006500
16610.5s 990 Epoch [20/150] Batch [4600/4682] Loss: 0.007926
16624.5s 991 ==> Epoch 20 Average Loss: 0.007112
16624.5s 992 *** New best model saved (Loss: 0.007112) ***
16625.7s 993 Epoch [21/150] Batch [0/4682] Loss: 0.006680
16643.6s 994 Epoch [21/150] Batch [100/4682] Loss: 0.006709
16661.1s 995 Epoch [21/150] Batch [200/4682] Loss: 0.006324
16678.9s 996 Epoch [21/150] Batch [300/4682] Loss: 0.007452
16696.3s 997 Epoch [21/150] Batch [400/4682] Loss: 0.007425
16713.9s 998 Epoch [21/150] Batch [500/4682] Loss: 0.007086
16731.6s 999 Epoch [21/150] Batch [600/4682] Loss: 0.007028
16749.4s 1000 Epoch [21/150] Batch [700/4682] Loss: 0.007567
16766.9s 1001 Epoch [21/150] Batch [800/4682] Loss: 0.008318
16784.8s 1002 Epoch [21/150] Batch [900/4682] Loss: 0.007164
16802.2s 1003 Epoch [21/150] Batch [1000/4682] Loss: 0.007373
16819.7s 1004 Epoch [21/150] Batch [1100/4682] Loss: 0.006054
16837.1s 1005 Epoch [21/150] Batch [1200/4682] Loss: 0.006435
16854.8s 1006 Epoch [21/150] Batch [1300/4682] Loss: 0.006587
16872.5s 1007 Epoch [21/150] Batch [1400/4682] Loss: 0.008660
16890.1s 1008 Epoch [21/150] Batch [1500/4682] Loss: 0.007111
16907.6s 1009 Epoch [21/150] Batch [1600/4682] Loss: 0.007197
16925.1s 1010 Epoch [21/150] Batch [1700/4682] Loss: 0.006898
16942.8s 1011 Epoch [21/150] Batch [1800/4682] Loss: 0.006868
16960.4s 1012 Epoch [21/150] Batch [1900/4682] Loss: 0.007545
16977.8s 1013 Epoch [21/150] Batch [2000/4682] Loss: 0.007387
16995.4s 1014 Epoch [21/150] Batch [2100/4682] Loss: 0.006808
17012.8s 1015 Epoch [21/150] Batch [2200/4682] Loss: 0.006917
17030.5s 1016 Epoch [21/150] Batch [2300/4682] Loss: 0.006910
17048.1s 1017 Epoch [21/150] Batch [2400/4682] Loss: 0.006979
17065.8s 1018 Epoch [21/150] Batch [2500/4682] Loss: 0.007306
17083.1s 1019 Epoch [21/150] Batch [2600/4682] Loss: 0.005833
17100.7s 1020 Epoch [21/150] Batch [2700/4682] Loss: 0.007218
17118.5s 1021 Epoch [21/150] Batch [2800/4682] Loss: 0.007279
17136.3s 1022 Epoch [21/150] Batch [2900/4682] Loss: 0.006372
17153.8s 1023 Epoch [21/150] Batch [3000/4682] Loss: 0.005841
17171.4s 1024 Epoch [21/150] Batch [3100/4682] Loss: 0.007433
17189.3s 1025 Epoch [21/150] Batch [3200/4682] Loss: 0.007324
17207.0s 1026 Epoch [21/150] Batch [3300/4682] Loss: 0.006505
17224.4s 1027 Epoch [21/150] Batch [3400/4682] Loss: 0.007120
17242.0s 1028 Epoch [21/150] Batch [3500/4682] Loss: 0.007489
17259.4s 1029 Epoch [21/150] Batch [3600/4682] Loss: 0.006401
17277.3s 1030 Epoch [21/150] Batch [3700/4682] Loss: 0.007686
17294.7s 1031 Epoch [21/150] Batch [3800/4682] Loss: 0.008079
17312.2s 1032 Epoch [21/150] Batch [3900/4682] Loss: 0.007409
17329.6s 1033 Epoch [21/150] Batch [4000/4682] Loss: 0.007050
17347.2s 1034 Epoch [21/150] Batch [4100/4682] Loss: 0.006736
17364.7s 1035 Epoch [21/150] Batch [4200/4682] Loss: 0.006500
17382.2s 1036 Epoch [21/150] Batch [4300/4682] Loss: 0.008059
17399.6s 1037 Epoch [21/150] Batch [4400/4682] Loss: 0.007987
17417.2s 1038 Epoch [21/150] Batch [4500/4682] Loss: 0.007436
17434.7s 1039 Epoch [21/150] Batch [4600/4682] Loss: 0.008148
17448.8s 1040 ==> Epoch 21 Average Loss: 0.007048
17448.8s 1041 *** New best model saved (Loss: 0.007048) ***
17449.9s 1042 Epoch [22/150] Batch [0/4682] Loss: 0.008563
17467.5s 1043 Epoch [22/150] Batch [100/4682] Loss: 0.008896
17485.3s 1044 Epoch [22/150] Batch [200/4682] Loss: 0.006887
17502.8s 1045 Epoch [22/150] Batch [300/4682] Loss: 0.006525
17520.5s 1046 Epoch [22/150] Batch [400/4682] Loss: 0.006109
17538.0s 1047 Epoch [22/150] Batch [500/4682] Loss: 0.006572
17555.8s 1048 Epoch [22/150] Batch [600/4682] Loss: 0.007758
17573.3s 1049 Epoch [22/150] Batch [700/4682] Loss: 0.006790
17591.0s 1050 Epoch [22/150] Batch [800/4682] Loss: 0.006180
17608.5s 1051 Epoch [22/150] Batch [900/4682] Loss: 0.007517
17626.2s 1052 Epoch [22/150] Batch [1000/4682] Loss: 0.007185
17643.7s 1053 Epoch [22/150] Batch [1100/4682] Loss: 0.007096
17661.4s 1054 Epoch [22/150] Batch [1200/4682] Loss: 0.006905
17678.9s 1055 Epoch [22/150] Batch [1300/4682] Loss: 0.008157
17696.4s 1056 Epoch [22/150] Batch [1400/4682] Loss: 0.006369
17714.0s 1057 Epoch [22/150] Batch [1500/4682] Loss: 0.006858
17731.4s 1058 Epoch [22/150] Batch [1600/4682] Loss: 0.007120
17749.1s 1059 Epoch [22/150] Batch [1700/4682] Loss: 0.006638
17766.8s 1060 Epoch [22/150] Batch [1800/4682] Loss: 0.006937
17784.3s 1061 Epoch [22/150] Batch [1900/4682] Loss: 0.006580
17802.1s 1062 Epoch [22/150] Batch [2000/4682] Loss: 0.005943
17819.7s 1063 Epoch [22/150] Batch [2100/4682] Loss: 0.007396
17837.4s 1064 Epoch [22/150] Batch [2200/4682] Loss: 0.007293
17854.9s 1065 Epoch [22/150] Batch [2300/4682] Loss: 0.007138
17872.5s 1066 Epoch [22/150] Batch [2400/4682] Loss: 0.008928
17890.0s 1067 Epoch [22/150] Batch [2500/4682] Loss: 0.007308
17907.7s 1068 Epoch [22/150] Batch [2600/4682] Loss: 0.006638
17925.1s 1069 Epoch [22/150] Batch [2700/4682] Loss: 0.006696
17942.9s 1070 Epoch [22/150] Batch [2800/4682] Loss: 0.005647
17960.3s 1071 Epoch [22/150] Batch [2900/4682] Loss: 0.006345
17978.1s 1072 Epoch [22/150] Batch [3000/4682] Loss: 0.006945
17995.5s 1073 Epoch [22/150] Batch [3100/4682] Loss: 0.007918
18013.3s 1074 Epoch [22/150] Batch [3200/4682] Loss: 0.006863
18030.8s 1075 Epoch [22/150] Batch [3300/4682] Loss: 0.007529
18048.4s 1076 Epoch [22/150] Batch [3400/4682] Loss: 0.006627
18065.8s 1077 Epoch [22/150] Batch [3500/4682] Loss: 0.008096
18083.5s 1078 Epoch [22/150] Batch [3600/4682] Loss: 0.006538
18100.9s 1079 Epoch [22/150] Batch [3700/4682] Loss: 0.008349
18118.5s 1080 Epoch [22/150] Batch [3800/4682] Loss: 0.006656
18136.0s 1081 Epoch [22/150] Batch [3900/4682] Loss: 0.007838
18153.8s 1082 Epoch [22/150] Batch [4000/4682] Loss: 0.007132
18171.1s 1083 Epoch [22/150] Batch [4100/4682] Loss: 0.006584
18188.8s 1084 Epoch [22/150] Batch [4200/4682] Loss: 0.007474
18206.3s 1085 Epoch [22/150] Batch [4300/4682] Loss: 0.006251
18223.8s 1086 Epoch [22/150] Batch [4400/4682] Loss: 0.007487
18241.2s 1087 Epoch [22/150] Batch [4500/4682] Loss: 0.008262
18258.7s 1088 Epoch [22/150] Batch [4600/4682] Loss: 0.006960
18272.7s 1089 ==> Epoch 22 Average Loss: 0.007000
18272.7s 1090 *** New best model saved (Loss: 0.007000) ***
18273.9s 1091 Epoch [23/150] Batch [0/4682] Loss: 0.007205
18291.4s 1092 Epoch [23/150] Batch [100/4682] Loss: 0.006691
18309.0s 1093 Epoch [23/150] Batch [200/4682] Loss: 0.007805
18326.8s 1094 Epoch [23/150] Batch [300/4682] Loss: 0.006100
18344.3s 1095 Epoch [23/150] Batch [400/4682] Loss: 0.006756
18361.9s 1096 Epoch [23/150] Batch [500/4682] Loss: 0.006211
18379.2s 1097 Epoch [23/150] Batch [600/4682] Loss: 0.006864
18397.1s 1098 Epoch [23/150] Batch [700/4682] Loss: 0.006291
18414.3s 1099 Epoch [23/150] Batch [800/4682] Loss: 0.006171
18431.8s 1100 Epoch [23/150] Batch [900/4682] Loss: 0.007040
18449.1s 1101 Epoch [23/150] Batch [1000/4682] Loss: 0.006045
18466.7s 1102 Epoch [23/150] Batch [1100/4682] Loss: 0.007602
18484.1s 1103 Epoch [23/150] Batch [1200/4682] Loss: 0.008057
18501.7s 1104 Epoch [23/150] Batch [1300/4682] Loss: 0.006046
18519.1s 1105 Epoch [23/150] Batch [1400/4682] Loss: 0.007464
18536.7s 1106 Epoch [23/150] Batch [1500/4682] Loss: 0.007122
18554.2s 1107 Epoch [23/150] Batch [1600/4682] Loss: 0.006541
18571.9s 1108 Epoch [23/150] Batch [1700/4682] Loss: 0.007964
18589.3s 1109 Epoch [23/150] Batch [1800/4682] Loss: 0.006395
18606.9s 1110 Epoch [23/150] Batch [1900/4682] Loss: 0.006488
18624.5s 1111 Epoch [23/150] Batch [2000/4682] Loss: 0.007086
18642.1s 1112 Epoch [23/150] Batch [2100/4682] Loss: 0.006709
18659.4s 1113 Epoch [23/150] Batch [2200/4682] Loss: 0.007949
18677.0s 1114 Epoch [23/150] Batch [2300/4682] Loss: 0.007417
18694.6s 1115 Epoch [23/150] Batch [2400/4682] Loss: 0.007330
18712.2s 1116 Epoch [23/150] Batch [2500/4682] Loss: 0.008075
18729.9s 1117 Epoch [23/150] Batch [2600/4682] Loss: 0.006245
18747.6s 1118 Epoch [23/150] Batch [2700/4682] Loss: 0.006930
18765.0s 1119 Epoch [23/150] Batch [2800/4682] Loss: 0.007843
18782.6s 1120 Epoch [23/150] Batch [2900/4682] Loss: 0.007074
18800.0s 1121 Epoch [23/150] Batch [3000/4682] Loss: 0.007117
18817.6s 1122 Epoch [23/150] Batch [3100/4682] Loss: 0.006892
18835.1s 1123 Epoch [23/150] Batch [3200/4682] Loss: 0.007984
18852.6s 1124 Epoch [23/150] Batch [3300/4682] Loss: 0.007587
18870.3s 1125 Epoch [23/150] Batch [3400/4682] Loss: 0.006384
18888.1s 1126 Epoch [23/150] Batch [3500/4682] Loss: 0.006840
18905.4s 1127 Epoch [23/150] Batch [3600/4682] Loss: 0.006468
18922.9s 1128 Epoch [23/150] Batch [3700/4682] Loss: 0.007327
18940.3s 1129 Epoch [23/150] Batch [3800/4682] Loss: 0.007551
18958.1s 1130 Epoch [23/150] Batch [3900/4682] Loss: 0.007331
18975.5s 1131 Epoch [23/150] Batch [4000/4682] Loss: 0.007653
18993.1s 1132 Epoch [23/150] Batch [4100/4682] Loss: 0.006612
19010.5s 1133 Epoch [23/150] Batch [4200/4682] Loss: 0.007568
19028.3s 1134 Epoch [23/150] Batch [4300/4682] Loss: 0.006184
19045.8s 1135 Epoch [23/150] Batch [4400/4682] Loss: 0.007522
19063.6s 1136 Epoch [23/150] Batch [4500/4682] Loss: 0.007580
19081.1s 1137 Epoch [23/150] Batch [4600/4682] Loss: 0.007169
19095.4s 1138 ==> Epoch 23 Average Loss: 0.006946
19095.4s 1139 *** New best model saved (Loss: 0.006946) ***
19096.5s 1140 Epoch [24/150] Batch [0/4682] Loss: 0.007918
19114.2s 1141 Epoch [24/150] Batch [100/4682] Loss: 0.006345
19131.9s 1142 Epoch [24/150] Batch [200/4682] Loss: 0.007465
19149.4s 1143 Epoch [24/150] Batch [300/4682] Loss: 0.007093
19167.2s 1144 Epoch [24/150] Batch [400/4682] Loss: 0.006266
19184.9s 1145 Epoch [24/150] Batch [500/4682] Loss: 0.006460
19202.6s 1146 Epoch [24/150] Batch [600/4682] Loss: 0.006623
19220.2s 1147 Epoch [24/150] Batch [700/4682] Loss: 0.007028
19237.9s 1148 Epoch [24/150] Batch [800/4682] Loss: 0.006355
19255.5s 1149 Epoch [24/150] Batch [900/4682] Loss: 0.007331
19273.2s 1150 Epoch [24/150] Batch [1000/4682] Loss: 0.006062
19290.8s 1151 Epoch [24/150] Batch [1100/4682] Loss: 0.007407
19308.4s 1152 Epoch [24/150] Batch [1200/4682] Loss: 0.006623
19325.7s 1153 Epoch [24/150] Batch [1300/4682] Loss: 0.005689
19343.3s 1154 Epoch [24/150] Batch [1400/4682] Loss: 0.006782
19360.8s 1155 Epoch [24/150] Batch [1500/4682] Loss: 0.007682
19378.5s 1156 Epoch [24/150] Batch [1600/4682] Loss: 0.007381
19395.8s 1157 Epoch [24/150] Batch [1700/4682] Loss: 0.006151
19413.4s 1158 Epoch [24/150] Batch [1800/4682] Loss: 0.006831
19431.0s 1159 Epoch [24/150] Batch [1900/4682] Loss: 0.006700
19448.8s 1160 Epoch [24/150] Batch [2000/4682] Loss: 0.005560
19466.2s 1161 Epoch [24/150] Batch [2100/4682] Loss: 0.006545
19483.6s 1162 Epoch [24/150] Batch [2200/4682] Loss: 0.007010
19500.8s 1163 Epoch [24/150] Batch [2300/4682] Loss: 0.006582
19518.4s 1164 Epoch [24/150] Batch [2400/4682] Loss: 0.006791
19535.8s 1165 Epoch [24/150] Batch [2500/4682] Loss: 0.005917
19553.3s 1166 Epoch [24/150] Batch [2600/4682] Loss: 0.005668
19570.7s 1167 Epoch [24/150] Batch [2700/4682] Loss: 0.007021
19588.4s 1168 Epoch [24/150] Batch [2800/4682] Loss: 0.007074
19606.0s 1169 Epoch [24/150] Batch [2900/4682] Loss: 0.007197
19623.7s 1170 Epoch [24/150] Batch [3000/4682] Loss: 0.006124
19641.2s 1171 Epoch [24/150] Batch [3100/4682] Loss: 0.007609
19659.0s 1172 Epoch [24/150] Batch [3200/4682] Loss: 0.006407
19676.5s 1173 Epoch [24/150] Batch [3300/4682] Loss: 0.006537
19694.3s 1174 Epoch [24/150] Batch [3400/4682] Loss: 0.006636
19711.7s 1175 Epoch [24/150] Batch [3500/4682] Loss: 0.007695
19729.2s 1176 Epoch [24/150] Batch [3600/4682] Loss: 0.007237
19746.6s 1177 Epoch [24/150] Batch [3700/4682] Loss: 0.007527
19764.6s 1178 Epoch [24/150] Batch [3800/4682] Loss: 0.006467
19781.9s 1179 Epoch [24/150] Batch [3900/4682] Loss: 0.006986
19799.5s 1180 Epoch [24/150] Batch [4000/4682] Loss: 0.007790
19817.2s 1181 Epoch [24/150] Batch [4100/4682] Loss: 0.006560
19834.7s 1182 Epoch [24/150] Batch [4200/4682] Loss: 0.006754
19852.1s 1183 Epoch [24/150] Batch [4300/4682] Loss: 0.006778
19869.8s 1184 Epoch [24/150] Batch [4400/4682] Loss: 0.006958
19887.3s 1185 Epoch [24/150] Batch [4500/4682] Loss: 0.006500
19904.7s 1186 Epoch [24/150] Batch [4600/4682] Loss: 0.007812
19918.7s 1187 ==> Epoch 24 Average Loss: 0.006911
19918.7s 1188 *** New best model saved (Loss: 0.006911) ***
19919.9s 1189 Epoch [25/150] Batch [0/4682] Loss: 0.007337
19937.7s 1190 Epoch [25/150] Batch [100/4682] Loss: 0.007306
19955.1s 1191 Epoch [25/150] Batch [200/4682] Loss: 0.006415
19972.9s 1192 Epoch [25/150] Batch [300/4682] Loss: 0.006719
19990.4s 1193 Epoch [25/150] Batch [400/4682] Loss: 0.007596
20008.1s 1194 Epoch [25/150] Batch [500/4682] Loss: 0.006563
20025.7s 1195 Epoch [25/150] Batch [600/4682] Loss: 0.006770
20043.5s 1196 Epoch [25/150] Batch [700/4682] Loss: 0.006065
20060.9s 1197 Epoch [25/150] Batch [800/4682] Loss: 0.006363
20078.4s 1198 Epoch [25/150] Batch [900/4682] Loss: 0.006626
20095.9s 1199 Epoch [25/150] Batch [1000/4682] Loss: 0.007200
20113.6s 1200 Epoch [25/150] Batch [1100/4682] Loss: 0.007131
20131.2s 1201 Epoch [25/150] Batch [1200/4682] Loss: 0.007244
20149.0s 1202 Epoch [25/150] Batch [1300/4682] Loss: 0.006877
20166.3s 1203 Epoch [25/150] Batch [1400/4682] Loss: 0.007541
20183.8s 1204 Epoch [25/150] Batch [1500/4682] Loss: 0.006751
20201.2s 1205 Epoch [25/150] Batch [1600/4682] Loss: 0.007575
20218.7s 1206 Epoch [25/150] Batch [1700/4682] Loss: 0.006634
20235.9s 1207 Epoch [25/150] Batch [1800/4682] Loss: 0.006950
20253.4s 1208 Epoch [25/150] Batch [1900/4682] Loss: 0.006285
20270.9s 1209 Epoch [25/150] Batch [2000/4682] Loss: 0.007292
20288.4s 1210 Epoch [25/150] Batch [2100/4682] Loss: 0.007826
20306.0s 1211 Epoch [25/150] Batch [2200/4682] Loss: 0.006598
20323.7s 1212 Epoch [25/150] Batch [2300/4682] Loss: 0.006622
20341.3s 1213 Epoch [25/150] Batch [2400/4682] Loss: 0.006062
20358.9s 1214 Epoch [25/150] Batch [2500/4682] Loss: 0.006643
20376.3s 1215 Epoch [25/150] Batch [2600/4682] Loss: 0.007015
20393.9s 1216 Epoch [25/150] Batch [2700/4682] Loss: 0.007567
20411.2s 1217 Epoch [25/150] Batch [2800/4682] Loss: 0.006981
20428.7s 1218 Epoch [25/150] Batch [2900/4682] Loss: 0.007067
20446.1s 1219 Epoch [25/150] Batch [3000/4682] Loss: 0.007321
20463.8s 1220 Epoch [25/150] Batch [3100/4682] Loss: 0.007397
20481.4s 1221 Epoch [25/150] Batch [3200/4682] Loss: 0.006251
20499.1s 1222 Epoch [25/150] Batch [3300/4682] Loss: 0.007963
20516.7s 1223 Epoch [25/150] Batch [3400/4682] Loss: 0.006321
20534.5s 1224 Epoch [25/150] Batch [3500/4682] Loss: 0.006978
20551.9s 1225 Epoch [25/150] Batch [3600/4682] Loss: 0.007647
20569.6s 1226 Epoch [25/150] Batch [3700/4682] Loss: 0.007194
20587.1s 1227 Epoch [25/150] Batch [3800/4682] Loss: 0.007164
20604.8s 1228 Epoch [25/150] Batch [3900/4682] Loss: 0.007511
20622.3s 1229 Epoch [25/150] Batch [4000/4682] Loss: 0.006203
20639.9s 1230 Epoch [25/150] Batch [4100/4682] Loss: 0.007479
20657.2s 1231 Epoch [25/150] Batch [4200/4682] Loss: 0.007072
20674.7s 1232 Epoch [25/150] Batch [4300/4682] Loss: 0.005952
20692.0s 1233 Epoch [25/150] Batch [4400/4682] Loss: 0.006976
20709.5s 1234 Epoch [25/150] Batch [4500/4682] Loss: 0.007598
20726.8s 1235 Epoch [25/150] Batch [4600/4682] Loss: 0.007065
20740.9s 1236 ==> Epoch 25 Average Loss: 0.006873
20740.9s 1237 *** New best model saved (Loss: 0.006873) ***
20742.0s 1238 Epoch [26/150] Batch [0/4682] Loss: 0.007517
20759.5s 1239 Epoch [26/150] Batch [100/4682] Loss: 0.006135
20777.2s 1240 Epoch [26/150] Batch [200/4682] Loss: 0.007834
20794.6s 1241 Epoch [26/150] Batch [300/4682] Loss: 0.006222
20812.3s 1242 Epoch [26/150] Batch [400/4682] Loss: 0.006792
20829.8s 1243 Epoch [26/150] Batch [500/4682] Loss: 0.006201
20847.7s 1244 Epoch [26/150] Batch [600/4682] Loss: 0.006414
20865.0s 1245 Epoch [26/150] Batch [700/4682] Loss: 0.006301
20882.8s 1246 Epoch [26/150] Batch [800/4682] Loss: 0.006728
20899.9s 1247 Epoch [26/150] Batch [900/4682] Loss: 0.006581
20917.6s 1248 Epoch [26/150] Batch [1000/4682] Loss: 0.006653
20935.2s 1249 Epoch [26/150] Batch [1100/4682] Loss: 0.006756
20953.1s 1250 Epoch [26/150] Batch [1200/4682] Loss: 0.007062
20970.5s 1251 Epoch [26/150] Batch [1300/4682] Loss: 0.006822
20988.2s 1252 Epoch [26/150] Batch [1400/4682] Loss: 0.006278
21005.8s 1253 Epoch [26/150] Batch [1500/4682] Loss: 0.006502
21023.6s 1254 Epoch [26/150] Batch [1600/4682] Loss: 0.006983
21041.2s 1255 Epoch [26/150] Batch [1700/4682] Loss: 0.006315
21058.8s 1256 Epoch [26/150] Batch [1800/4682] Loss: 0.007630
21076.5s 1257 Epoch [26/150] Batch [1900/4682] Loss: 0.006420
21094.3s 1258 Epoch [26/150] Batch [2000/4682] Loss: 0.006747
21111.8s 1259 Epoch [26/150] Batch [2100/4682] Loss: 0.006790
21129.5s 1260 Epoch [26/150] Batch [2200/4682] Loss: 0.006970
21147.0s 1261 Epoch [26/150] Batch [2300/4682] Loss: 0.007494
21164.8s 1262 Epoch [26/150] Batch [2400/4682] Loss: 0.006813
21182.3s 1263 Epoch [26/150] Batch [2500/4682] Loss: 0.006618
21199.8s 1264 Epoch [26/150] Batch [2600/4682] Loss: 0.007702
21217.1s 1265 Epoch [26/150] Batch [2700/4682] Loss: 0.006257
21234.8s 1266 Epoch [26/150] Batch [2800/4682] Loss: 0.007059
21252.1s 1267 Epoch [26/150] Batch [2900/4682] Loss: 0.006864
21269.9s 1268 Epoch [26/150] Batch [3000/4682] Loss: 0.006065
21287.4s 1269 Epoch [26/150] Batch [3100/4682] Loss: 0.007323
21305.2s 1270 Epoch [26/150] Batch [3200/4682] Loss: 0.007266
21322.7s 1271 Epoch [26/150] Batch [3300/4682] Loss: 0.006380
21340.6s 1272 Epoch [26/150] Batch [3400/4682] Loss: 0.006809
21358.2s 1273 Epoch [26/150] Batch [3500/4682] Loss: 0.007585
21375.9s 1274 Epoch [26/150] Batch [3600/4682] Loss: 0.006819
21393.3s 1275 Epoch [26/150] Batch [3700/4682] Loss: 0.006803
21410.9s 1276 Epoch [26/150] Batch [3800/4682] Loss: 0.007004
21428.4s 1277 Epoch [26/150] Batch [3900/4682] Loss: 0.006398
21446.0s 1278 Epoch [26/150] Batch [4000/4682] Loss: 0.006180
21463.3s 1279 Epoch [26/150] Batch [4100/4682] Loss: 0.004414
21480.8s 1280 Epoch [26/150] Batch [4200/4682] Loss: 0.008107
21498.3s 1281 Epoch [26/150] Batch [4300/4682] Loss: 0.006515
21516.0s 1282 Epoch [26/150] Batch [4400/4682] Loss: 0.006357
21533.3s 1283 Epoch [26/150] Batch [4500/4682] Loss: 0.006202
21551.0s 1284 Epoch [26/150] Batch [4600/4682] Loss: 0.006062
21565.1s 1285 ==> Epoch 26 Average Loss: 0.006833
21565.1s 1286 *** New best model saved (Loss: 0.006833) ***
21566.3s 1287 Epoch [27/150] Batch [0/4682] Loss: 0.006853
21584.2s 1288 Epoch [27/150] Batch [100/4682] Loss: 0.007244
21601.5s 1289 Epoch [27/150] Batch [200/4682] Loss: 0.005565
21619.1s 1290 Epoch [27/150] Batch [300/4682] Loss: 0.006612
21636.3s 1291 Epoch [27/150] Batch [400/4682] Loss: 0.005193
21653.9s 1292 Epoch [27/150] Batch [500/4682] Loss: 0.006917
21671.4s 1293 Epoch [27/150] Batch [600/4682] Loss: 0.006086
21689.0s 1294 Epoch [27/150] Batch [700/4682] Loss: 0.006992
21706.3s 1295 Epoch [27/150] Batch [800/4682] Loss: 0.007069
21724.0s 1296 Epoch [27/150] Batch [900/4682] Loss: 0.007078
21741.5s 1297 Epoch [27/150] Batch [1000/4682] Loss: 0.006216
21759.3s 1298 Epoch [27/150] Batch [1100/4682] Loss: 0.007284
21776.5s 1299 Epoch [27/150] Batch [1200/4682] Loss: 0.006870
21794.0s 1300 Epoch [27/150] Batch [1300/4682] Loss: 0.007651
21811.4s 1301 Epoch [27/150] Batch [1400/4682] Loss: 0.006720
21829.0s 1302 Epoch [27/150] Batch [1500/4682] Loss: 0.007875
21846.2s 1303 Epoch [27/150] Batch [1600/4682] Loss: 0.005742
21863.8s 1304 Epoch [27/150] Batch [1700/4682] Loss: 0.007652
21881.1s 1305 Epoch [27/150] Batch [1800/4682] Loss: 0.006294
21898.8s 1306 Epoch [27/150] Batch [1900/4682] Loss: 0.006856
21916.5s 1307 Epoch [27/150] Batch [2000/4682] Loss: 0.007381
21934.2s 1308 Epoch [27/150] Batch [2100/4682] Loss: 0.007578
21951.7s 1309 Epoch [27/150] Batch [2200/4682] Loss: 0.007668
21969.5s 1310 Epoch [27/150] Batch [2300/4682] Loss: 0.007312
21986.9s 1311 Epoch [27/150] Batch [2400/4682] Loss: 0.006373
22005.0s 1312 Epoch [27/150] Batch [2500/4682] Loss: 0.006710
22022.4s 1313 Epoch [27/150] Batch [2600/4682] Loss: 0.007276
22040.1s 1314 Epoch [27/150] Batch [2700/4682] Loss: 0.007030
22057.7s 1315 Epoch [27/150] Batch [2800/4682] Loss: 0.006586
22075.6s 1316 Epoch [27/150] Batch [2900/4682] Loss: 0.006763
22093.0s 1317 Epoch [27/150] Batch [3000/4682] Loss: 0.007472
22110.8s 1318 Epoch [27/150] Batch [3100/4682] Loss: 0.006969
22128.2s 1319 Epoch [27/150] Batch [3200/4682] Loss: 0.006548
22145.8s 1320 Epoch [27/150] Batch [3300/4682] Loss: 0.007167
22163.4s 1321 Epoch [27/150] Batch [3400/4682] Loss: 0.006509
22181.2s 1322 Epoch [27/150] Batch [3500/4682] Loss: 0.006316
22198.6s 1323 Epoch [27/150] Batch [3600/4682] Loss: 0.006185
22216.1s 1324 Epoch [27/150] Batch [3700/4682] Loss: 0.006805
22233.4s 1325 Epoch [27/150] Batch [3800/4682] Loss: 0.006271
22251.0s 1326 Epoch [27/150] Batch [3900/4682] Loss: 0.006986
22268.3s 1327 Epoch [27/150] Batch [4000/4682] Loss: 0.006354
22285.9s 1328 Epoch [27/150] Batch [4100/4682] Loss: 0.008306
22303.4s 1329 Epoch [27/150] Batch [4200/4682] Loss: 0.006695
22321.1s 1330 Epoch [27/150] Batch [4300/4682] Loss: 0.006714
22338.6s 1331 Epoch [27/150] Batch [4400/4682] Loss: 0.006608
22356.4s 1332 Epoch [27/150] Batch [4500/4682] Loss: 0.005814
22373.9s 1333 Epoch [27/150] Batch [4600/4682] Loss: 0.006681
22388.0s 1334 ==> Epoch 27 Average Loss: 0.006806
22388.0s 1335 *** New best model saved (Loss: 0.006806) ***
22389.0s 1336 Epoch [28/150] Batch [0/4682] Loss: 0.006128
22406.4s 1337 Epoch [28/150] Batch [100/4682] Loss: 0.006381
22424.4s 1338 Epoch [28/150] Batch [200/4682] Loss: 0.007122
22441.9s 1339 Epoch [28/150] Batch [300/4682] Loss: 0.006548
22459.4s 1340 Epoch [28/150] Batch [400/4682] Loss: 0.007008
22476.6s 1341 Epoch [28/150] Batch [500/4682] Loss: 0.005747
22494.0s 1342 Epoch [28/150] Batch [600/4682] Loss: 0.008417
22511.4s 1343 Epoch [28/150] Batch [700/4682] Loss: 0.006667
22529.3s 1344 Epoch [28/150] Batch [800/4682] Loss: 0.006362
22546.9s 1345 Epoch [28/150] Batch [900/4682] Loss: 0.006484
22564.7s 1346 Epoch [28/150] Batch [1000/4682] Loss: 0.007926
22581.8s 1347 Epoch [28/150] Batch [1100/4682] Loss: 0.007986
22599.4s 1348 Epoch [28/150] Batch [1200/4682] Loss: 0.006152
22616.9s 1349 Epoch [28/150] Batch [1300/4682] Loss: 0.006946
22634.6s 1350 Epoch [28/150] Batch [1400/4682] Loss: 0.005122
22652.2s 1351 Epoch [28/150] Batch [1500/4682] Loss: 0.007155
22669.8s 1352 Epoch [28/150] Batch [1600/4682] Loss: 0.006751
22687.0s 1353 Epoch [28/150] Batch [1700/4682] Loss: 0.006629
22704.9s 1354 Epoch [28/150] Batch [1800/4682] Loss: 0.007581
22722.4s 1355 Epoch [28/150] Batch [1900/4682] Loss: 0.006708
22740.0s 1356 Epoch [28/150] Batch [2000/4682] Loss: 0.007285
22757.3s 1357 Epoch [28/150] Batch [2100/4682] Loss: 0.006721
22775.0s 1358 Epoch [28/150] Batch [2200/4682] Loss: 0.006936
22792.3s 1359 Epoch [28/150] Batch [2300/4682] Loss: 0.007247
22809.8s 1360 Epoch [28/150] Batch [2400/4682] Loss: 0.006876
22827.2s 1361 Epoch [28/150] Batch [2500/4682] Loss: 0.007232
22844.8s 1362 Epoch [28/150] Batch [2600/4682] Loss: 0.007711
22862.0s 1363 Epoch [28/150] Batch [2700/4682] Loss: 0.007500
22879.7s 1364 Epoch [28/150] Batch [2800/4682] Loss: 0.006819
22897.0s 1365 Epoch [28/150] Batch [2900/4682] Loss: 0.006665
22914.7s 1366 Epoch [28/150] Batch [3000/4682] Loss: 0.007391
22932.0s 1367 Epoch [28/150] Batch [3100/4682] Loss: 0.007713
22949.7s 1368 Epoch [28/150] Batch [3200/4682] Loss: 0.006969
22967.1s 1369 Epoch [28/150] Batch [3300/4682] Loss: 0.006786
22984.9s 1370 Epoch [28/150] Batch [3400/4682] Loss: 0.005819
23002.2s 1371 Epoch [28/150] Batch [3500/4682] Loss: 0.006292
23020.0s 1372 Epoch [28/150] Batch [3600/4682] Loss: 0.007386
23037.6s 1373 Epoch [28/150] Batch [3700/4682] Loss: 0.006300
23055.3s 1374 Epoch [28/150] Batch [3800/4682] Loss: 0.006504
23072.7s 1375 Epoch [28/150] Batch [3900/4682] Loss: 0.006973
23090.4s 1376 Epoch [28/150] Batch [4000/4682] Loss: 0.006750
23107.8s 1377 Epoch [28/150] Batch [4100/4682] Loss: 0.007873
23125.4s 1378 Epoch [28/150] Batch [4200/4682] Loss: 0.006415
23142.8s 1379 Epoch [28/150] Batch [4300/4682] Loss: 0.007835
23160.5s 1380 Epoch [28/150] Batch [4400/4682] Loss: 0.006085
23177.7s 1381 Epoch [28/150] Batch [4500/4682] Loss: 0.006152
23195.3s 1382 Epoch [28/150] Batch [4600/4682] Loss: 0.007426
23209.2s 1383 ==> Epoch 28 Average Loss: 0.006754
23209.2s 1384 *** New best model saved (Loss: 0.006754) ***
23210.4s 1385 Epoch [29/150] Batch [0/4682] Loss: 0.006194
23227.9s 1386 Epoch [29/150] Batch [100/4682] Loss: 0.006640
23245.4s 1387 Epoch [29/150] Batch [200/4682] Loss: 0.007021
23263.1s 1388 Epoch [29/150] Batch [300/4682] Loss: 0.006911
23280.5s 1389 Epoch [29/150] Batch [400/4682] Loss: 0.006889
23298.4s 1390 Epoch [29/150] Batch [500/4682] Loss: 0.006802
23315.7s 1391 Epoch [29/150] Batch [600/4682] Loss: 0.005554
23333.4s 1392 Epoch [29/150] Batch [700/4682] Loss: 0.005853
23350.9s 1393 Epoch [29/150] Batch [800/4682] Loss: 0.006278
23368.6s 1394 Epoch [29/150] Batch [900/4682] Loss: 0.006725
23386.1s 1395 Epoch [29/150] Batch [1000/4682] Loss: 0.005624
23403.7s 1396 Epoch [29/150] Batch [1100/4682] Loss: 0.007276
23421.1s 1397 Epoch [29/150] Batch [1200/4682] Loss: 0.006653
23438.8s 1398 Epoch [29/150] Batch [1300/4682] Loss: 0.007198
23456.2s 1399 Epoch [29/150] Batch [1400/4682] Loss: 0.006467
23473.9s 1400 Epoch [29/150] Batch [1500/4682] Loss: 0.006552
23491.6s 1401 Epoch [29/150] Batch [1600/4682] Loss: 0.007724
23509.3s 1402 Epoch [29/150] Batch [1700/4682] Loss: 0.006408
23527.1s 1403 Epoch [29/150] Batch [1800/4682] Loss: 0.007148
23545.0s 1404 Epoch [29/150] Batch [1900/4682] Loss: 0.007095
23562.4s 1405 Epoch [29/150] Batch [2000/4682] Loss: 0.006759
23580.2s 1406 Epoch [29/150] Batch [2100/4682] Loss: 0.005814
23597.8s 1407 Epoch [29/150] Batch [2200/4682] Loss: 0.006964
23615.4s 1408 Epoch [29/150] Batch [2300/4682] Loss: 0.007499
23632.7s 1409 Epoch [29/150] Batch [2400/4682] Loss: 0.007079
23650.2s 1410 Epoch [29/150] Batch [2500/4682] Loss: 0.007261
23667.7s 1411 Epoch [29/150] Batch [2600/4682] Loss: 0.006953
23685.5s 1412 Epoch [29/150] Batch [2700/4682] Loss: 0.006862
23703.0s 1413 Epoch [29/150] Batch [2800/4682] Loss: 0.006438
23720.8s 1414 Epoch [29/150] Batch [2900/4682] Loss: 0.006309
23738.7s 1415 Epoch [29/150] Batch [3000/4682] Loss: 0.007388
23757.1s 1416 Epoch [29/150] Batch [3100/4682] Loss: 0.005690
23774.7s 1417 Epoch [29/150] Batch [3200/4682] Loss: 0.007129
23792.6s 1418 Epoch [29/150] Batch [3300/4682] Loss: 0.007139
23809.8s 1419 Epoch [29/150] Batch [3400/4682] Loss: 0.006990
23827.5s 1420 Epoch [29/150] Batch [3500/4682] Loss: 0.007447
23845.0s 1421 Epoch [29/150] Batch [3600/4682] Loss: 0.006259
23863.0s 1422 Epoch [29/150] Batch [3700/4682] Loss: 0.006758
23880.7s 1423 Epoch [29/150] Batch [3800/4682] Loss: 0.006689
23898.9s 1424 Epoch [29/150] Batch [3900/4682] Loss: 0.007171
23916.5s 1425 Epoch [29/150] Batch [4000/4682] Loss: 0.006201
23934.3s 1426 Epoch [29/150] Batch [4100/4682] Loss: 0.007200
23951.9s 1427 Epoch [29/150] Batch [4200/4682] Loss: 0.006810
23969.6s 1428 Epoch [29/150] Batch [4300/4682] Loss: 0.005822
23987.1s 1429 Epoch [29/150] Batch [4400/4682] Loss: 0.006512
24004.8s 1430 Epoch [29/150] Batch [4500/4682] Loss: 0.006233
24022.7s 1431 Epoch [29/150] Batch [4600/4682] Loss: 0.006116
24036.8s 1432 ==> Epoch 29 Average Loss: 0.006730
24036.8s 1433 *** New best model saved (Loss: 0.006730) ***
24037.9s 1434 Epoch [30/150] Batch [0/4682] Loss: 0.007502
24055.3s 1435 Epoch [30/150] Batch [100/4682] Loss: 0.007675
24073.3s 1436 Epoch [30/150] Batch [200/4682] Loss: 0.006283
24090.7s 1437 Epoch [30/150] Batch [300/4682] Loss: 0.006739
24108.3s 1438 Epoch [30/150] Batch [400/4682] Loss: 0.006210
24125.5s 1439 Epoch [30/150] Batch [500/4682] Loss: 0.006540
24143.2s 1440 Epoch [30/150] Batch [600/4682] Loss: 0.006473
24160.7s 1441 Epoch [30/150] Batch [700/4682] Loss: 0.006470
24178.5s 1442 Epoch [30/150] Batch [800/4682] Loss: 0.006250
24195.9s 1443 Epoch [30/150] Batch [900/4682] Loss: 0.006173
24213.7s 1444 Epoch [30/150] Batch [1000/4682] Loss: 0.006064
24231.5s 1445 Epoch [30/150] Batch [1100/4682] Loss: 0.006300
24249.6s 1446 Epoch [30/150] Batch [1200/4682] Loss: 0.006627
24267.1s 1447 Epoch [30/150] Batch [1300/4682] Loss: 0.006712
24284.9s 1448 Epoch [30/150] Batch [1400/4682] Loss: 0.006797
24302.1s 1449 Epoch [30/150] Batch [1500/4682] Loss: 0.006121
24319.7s 1450 Epoch [30/150] Batch [1600/4682] Loss: 0.007992
24337.1s 1451 Epoch [30/150] Batch [1700/4682] Loss: 0.006323
24354.9s 1452 Epoch [30/150] Batch [1800/4682] Loss: 0.007245
24372.5s 1453 Epoch [30/150] Batch [1900/4682] Loss: 0.006526
24390.5s 1454 Epoch [30/150] Batch [2000/4682] Loss: 0.007413
24408.0s 1455 Epoch [30/150] Batch [2100/4682] Loss: 0.006504
24425.8s 1456 Epoch [30/150] Batch [2200/4682] Loss: 0.006562
24443.2s 1457 Epoch [30/150] Batch [2300/4682] Loss: 0.005771
24461.0s 1458 Epoch [30/150] Batch [2400/4682] Loss: 0.007257
24478.6s 1459 Epoch [30/150] Batch [2500/4682] Loss: 0.007883
24496.3s 1460 Epoch [30/150] Batch [2600/4682] Loss: 0.006705
24514.0s 1461 Epoch [30/150] Batch [2700/4682] Loss: 0.006742
24531.7s 1462 Epoch [30/150] Batch [2800/4682] Loss: 0.006906
24549.2s 1463 Epoch [30/150] Batch [2900/4682] Loss: 0.006164
24566.9s 1464 Epoch [30/150] Batch [3000/4682] Loss: 0.006718
24584.3s 1465 Epoch [30/150] Batch [3100/4682] Loss: 0.007232
24602.0s 1466 Epoch [30/150] Batch [3200/4682] Loss: 0.007196
24619.7s 1467 Epoch [30/150] Batch [3300/4682] Loss: 0.006061
24637.4s 1468 Epoch [30/150] Batch [3400/4682] Loss: 0.007155
24654.9s 1469 Epoch [30/150] Batch [3500/4682] Loss: 0.007359
24672.5s 1470 Epoch [30/150] Batch [3600/4682] Loss: 0.006892
24689.9s 1471 Epoch [30/150] Batch [3700/4682] Loss: 0.006333
24707.5s 1472 Epoch [30/150] Batch [3800/4682] Loss: 0.005803
24724.9s 1473 Epoch [30/150] Batch [3900/4682] Loss: 0.007824
24742.6s 1474 Epoch [30/150] Batch [4000/4682] Loss: 0.007052
24759.9s 1475 Epoch [30/150] Batch [4100/4682] Loss: 0.007527
24777.5s 1476 Epoch [30/150] Batch [4200/4682] Loss: 0.007234
24794.9s 1477 Epoch [30/150] Batch [4300/4682] Loss: 0.007293
24812.4s 1478 Epoch [30/150] Batch [4400/4682] Loss: 0.005821
24829.8s 1479 Epoch [30/150] Batch [4500/4682] Loss: 0.006597
24847.4s 1480 Epoch [30/150] Batch [4600/4682] Loss: 0.006938
24861.3s 1481 ==> Epoch 30 Average Loss: 0.006694
24861.3s 1482 *** New best model saved (Loss: 0.006694) ***
24862.6s 1483 Epoch [31/150] Batch [0/4682] Loss: 0.006944
24880.2s 1484 Epoch [31/150] Batch [100/4682] Loss: 0.005778
24897.6s 1485 Epoch [31/150] Batch [200/4682] Loss: 0.006015
24915.3s 1486 Epoch [31/150] Batch [300/4682] Loss: 0.006331
24932.8s 1487 Epoch [31/150] Batch [400/4682] Loss: 0.007295
24950.4s 1488 Epoch [31/150] Batch [500/4682] Loss: 0.006835
24967.9s 1489 Epoch [31/150] Batch [600/4682] Loss: 0.006123
24985.6s 1490 Epoch [31/150] Batch [700/4682] Loss: 0.006567
25003.0s 1491 Epoch [31/150] Batch [800/4682] Loss: 0.006382
25020.9s 1492 Epoch [31/150] Batch [900/4682] Loss: 0.006060
25038.2s 1493 Epoch [31/150] Batch [1000/4682] Loss: 0.006509
25055.9s 1494 Epoch [31/150] Batch [1100/4682] Loss: 0.005942
25073.5s 1495 Epoch [31/150] Batch [1200/4682] Loss: 0.006565
25091.3s 1496 Epoch [31/150] Batch [1300/4682] Loss: 0.006653
25108.6s 1497 Epoch [31/150] Batch [1400/4682] Loss: 0.006682
25126.4s 1498 Epoch [31/150] Batch [1500/4682] Loss: 0.006415
25143.9s 1499 Epoch [31/150] Batch [1600/4682] Loss: 0.006946
25161.9s 1500 Epoch [31/150] Batch [1700/4682] Loss: 0.006857
25179.3s 1501 Epoch [31/150] Batch [1800/4682] Loss: 0.006717
25197.0s 1502 Epoch [31/150] Batch [1900/4682] Loss: 0.008028
25214.4s 1503 Epoch [31/150] Batch [2000/4682] Loss: 0.006354
25232.1s 1504 Epoch [31/150] Batch [2100/4682] Loss: 0.006334
25249.6s 1505 Epoch [31/150] Batch [2200/4682] Loss: 0.006427
25267.3s 1506 Epoch [31/150] Batch [2300/4682] Loss: 0.006460
25284.8s 1507 Epoch [31/150] Batch [2400/4682] Loss: 0.007081
25302.7s 1508 Epoch [31/150] Batch [2500/4682] Loss: 0.007204
25320.0s 1509 Epoch [31/150] Batch [2600/4682] Loss: 0.006148
25337.9s 1510 Epoch [31/150] Batch [2700/4682] Loss: 0.007095
25355.3s 1511 Epoch [31/150] Batch [2800/4682] Loss: 0.005997
25373.0s 1512 Epoch [31/150] Batch [2900/4682] Loss: 0.006995
25390.4s 1513 Epoch [31/150] Batch [3000/4682] Loss: 0.007627
25408.2s 1514 Epoch [31/150] Batch [3100/4682] Loss: 0.007027
25425.5s 1515 Epoch [31/150] Batch [3200/4682] Loss: 0.006853
25443.2s 1516 Epoch [31/150] Batch [3300/4682] Loss: 0.006580
25460.6s 1517 Epoch [31/150] Batch [3400/4682] Loss: 0.006904
25478.3s 1518 Epoch [31/150] Batch [3500/4682] Loss: 0.006920
25495.7s 1519 Epoch [31/150] Batch [3600/4682] Loss: 0.007063
25513.4s 1520 Epoch [31/150] Batch [3700/4682] Loss: 0.006821
25530.9s 1521 Epoch [31/150] Batch [3800/4682] Loss: 0.007403
25548.6s 1522 Epoch [31/150] Batch [3900/4682] Loss: 0.006439
25566.1s 1523 Epoch [31/150] Batch [4000/4682] Loss: 0.007119
25583.9s 1524 Epoch [31/150] Batch [4100/4682] Loss: 0.006836
25601.4s 1525 Epoch [31/150] Batch [4200/4682] Loss: 0.006329
25619.1s 1526 Epoch [31/150] Batch [4300/4682] Loss: 0.006203
25636.5s 1527 Epoch [31/150] Batch [4400/4682] Loss: 0.007248
25654.4s 1528 Epoch [31/150] Batch [4500/4682] Loss: 0.007389
25671.9s 1529 Epoch [31/150] Batch [4600/4682] Loss: 0.006732
25686.0s 1530 ==> Epoch 31 Average Loss: 0.006655
25686.0s 1531 *** New best model saved (Loss: 0.006655) ***
25687.0s 1532 Epoch [32/150] Batch [0/4682] Loss: 0.006720
25704.5s 1533 Epoch [32/150] Batch [100/4682] Loss: 0.005844
25722.3s 1534 Epoch [32/150] Batch [200/4682] Loss: 0.005561
25740.1s 1535 Epoch [32/150] Batch [300/4682] Loss: 0.006107
25757.9s 1536 Epoch [32/150] Batch [400/4682] Loss: 0.006551
25775.3s 1537 Epoch [32/150] Batch [500/4682] Loss: 0.007043
25793.0s 1538 Epoch [32/150] Batch [600/4682] Loss: 0.005589
25810.6s 1539 Epoch [32/150] Batch [700/4682] Loss: 0.006830
25828.3s 1540 Epoch [32/150] Batch [800/4682] Loss: 0.005978
25845.8s 1541 Epoch [32/150] Batch [900/4682] Loss: 0.005970
25863.5s 1542 Epoch [32/150] Batch [1000/4682] Loss: 0.006788
25881.2s 1543 Epoch [32/150] Batch [1100/4682] Loss: 0.006905
25899.1s 1544 Epoch [32/150] Batch [1200/4682] Loss: 0.006367
25916.4s 1545 Epoch [32/150] Batch [1300/4682] Loss: 0.007081
25934.1s 1546 Epoch [32/150] Batch [1400/4682] Loss: 0.005777
25951.6s 1547 Epoch [32/150] Batch [1500/4682] Loss: 0.006344
25969.2s 1548 Epoch [32/150] Batch [1600/4682] Loss: 0.006600
25986.7s 1549 Epoch [32/150] Batch [1700/4682] Loss: 0.007123
26004.6s 1550 Epoch [32/150] Batch [1800/4682] Loss: 0.007159
26022.6s 1551 Epoch [32/150] Batch [1900/4682] Loss: 0.006986
26040.4s 1552 Epoch [32/150] Batch [2000/4682] Loss: 0.006905
26058.0s 1553 Epoch [32/150] Batch [2100/4682] Loss: 0.006367
26075.8s 1554 Epoch [32/150] Batch [2200/4682] Loss: 0.005910
26093.4s 1555 Epoch [32/150] Batch [2300/4682] Loss: 0.006376
26111.1s 1556 Epoch [32/150] Batch [2400/4682] Loss: 0.006156
26128.6s 1557 Epoch [32/150] Batch [2500/4682] Loss: 0.006483
26146.3s 1558 Epoch [32/150] Batch [2600/4682] Loss: 0.006753
26163.7s 1559 Epoch [32/150] Batch [2700/4682] Loss: 0.007615
26181.4s 1560 Epoch [32/150] Batch [2800/4682] Loss: 0.006549
26198.8s 1561 Epoch [32/150] Batch [2900/4682] Loss: 0.006638
26216.5s 1562 Epoch [32/150] Batch [3000/4682] Loss: 0.006964
26233.9s 1563 Epoch [32/150] Batch [3100/4682] Loss: 0.007427
26251.9s 1564 Epoch [32/150] Batch [3200/4682] Loss: 0.006801
26269.4s 1565 Epoch [32/150] Batch [3300/4682] Loss: 0.006077
26287.2s 1566 Epoch [32/150] Batch [3400/4682] Loss: 0.008084
26304.5s 1567 Epoch [32/150] Batch [3500/4682] Loss: 0.006783
26322.2s 1568 Epoch [32/150] Batch [3600/4682] Loss: 0.006514
26339.7s 1569 Epoch [32/150] Batch [3700/4682] Loss: 0.008533
26357.4s 1570 Epoch [32/150] Batch [3800/4682] Loss: 0.007223
26374.9s 1571 Epoch [32/150] Batch [3900/4682] Loss: 0.007629
26392.7s 1572 Epoch [32/150] Batch [4000/4682] Loss: 0.006480
26410.1s 1573 Epoch [32/150] Batch [4100/4682] Loss: 0.006479
26427.9s 1574 Epoch [32/150] Batch [4200/4682] Loss: 0.006428
26445.3s 1575 Epoch [32/150] Batch [4300/4682] Loss: 0.007099
26463.0s 1576 Epoch [32/150] Batch [4400/4682] Loss: 0.007223
26480.3s 1577 Epoch [32/150] Batch [4500/4682] Loss: 0.006447
26498.0s 1578 Epoch [32/150] Batch [4600/4682] Loss: 0.005961
26512.0s 1579 ==> Epoch 32 Average Loss: 0.006630
26512.0s 1580 *** New best model saved (Loss: 0.006630) ***
26513.2s 1581 Epoch [33/150] Batch [0/4682] Loss: 0.006600
26531.0s 1582 Epoch [33/150] Batch [100/4682] Loss: 0.007063
26548.3s 1583 Epoch [33/150] Batch [200/4682] Loss: 0.005633
26566.1s 1584 Epoch [33/150] Batch [300/4682] Loss: 0.006824
26583.7s 1585 Epoch [33/150] Batch [400/4682] Loss: 0.006046
26601.9s 1586 Epoch [33/150] Batch [500/4682] Loss: 0.005828
26620.5s 1587 Epoch [33/150] Batch [600/4682] Loss: 0.006181
26638.7s 1588 Epoch [33/150] Batch [700/4682] Loss: 0.006718
26656.1s 1589 Epoch [33/150] Batch [800/4682] Loss: 0.006608
26673.8s 1590 Epoch [33/150] Batch [900/4682] Loss: 0.007028
26691.3s 1591 Epoch [33/150] Batch [1000/4682] Loss: 0.006681
26708.9s 1592 Epoch [33/150] Batch [1100/4682] Loss: 0.006913
26726.3s 1593 Epoch [33/150] Batch [1200/4682] Loss: 0.006105
26744.0s 1594 Epoch [33/150] Batch [1300/4682] Loss: 0.006646
26761.5s 1595 Epoch [33/150] Batch [1400/4682] Loss: 0.006063
26779.4s 1596 Epoch [33/150] Batch [1500/4682] Loss: 0.006047
26796.8s 1597 Epoch [33/150] Batch [1600/4682] Loss: 0.007085
26814.6s 1598 Epoch [33/150] Batch [1700/4682] Loss: 0.006089
26832.0s 1599 Epoch [33/150] Batch [1800/4682] Loss: 0.006366
26849.7s 1600 Epoch [33/150] Batch [1900/4682] Loss: 0.006201
26867.3s 1601 Epoch [33/150] Batch [2000/4682] Loss: 0.006919
26884.9s 1602 Epoch [33/150] Batch [2100/4682] Loss: 0.006636
26902.4s 1603 Epoch [33/150] Batch [2200/4682] Loss: 0.006835
26920.2s 1604 Epoch [33/150] Batch [2300/4682] Loss: 0.007083
26937.7s 1605 Epoch [33/150] Batch [2400/4682] Loss: 0.006014
26955.4s 1606 Epoch [33/150] Batch [2500/4682] Loss: 0.008318
26972.8s 1607 Epoch [33/150] Batch [2600/4682] Loss: 0.006420
26990.5s 1608 Epoch [33/150] Batch [2700/4682] Loss: 0.006993
27007.9s 1609 Epoch [33/150] Batch [2800/4682] Loss: 0.006439
27025.7s 1610 Epoch [33/150] Batch [2900/4682] Loss: 0.007150
27043.1s 1611 Epoch [33/150] Batch [3000/4682] Loss: 0.007209
27061.0s 1612 Epoch [33/150] Batch [3100/4682] Loss: 0.006571
27078.2s 1613 Epoch [33/150] Batch [3200/4682] Loss: 0.006207
27095.9s 1614 Epoch [33/150] Batch [3300/4682] Loss: 0.006605
27113.3s 1615 Epoch [33/150] Batch [3400/4682] Loss: 0.007153
27131.1s 1616 Epoch [33/150] Batch [3500/4682] Loss: 0.007163
27148.5s 1617 Epoch [33/150] Batch [3600/4682] Loss: 0.007120
27166.3s 1618 Epoch [33/150] Batch [3700/4682] Loss: 0.006681
27183.5s 1619 Epoch [33/150] Batch [3800/4682] Loss: 0.006021
27201.2s 1620 Epoch [33/150] Batch [3900/4682] Loss: 0.006631
27218.6s 1621 Epoch [33/150] Batch [4000/4682] Loss: 0.006579
27236.3s 1622 Epoch [33/150] Batch [4100/4682] Loss: 0.007140
27253.6s 1623 Epoch [33/150] Batch [4200/4682] Loss: 0.007737
27271.3s 1624 Epoch [33/150] Batch [4300/4682] Loss: 0.007271
27288.7s 1625 Epoch [33/150] Batch [4400/4682] Loss: 0.005495
27306.5s 1626 Epoch [33/150] Batch [4500/4682] Loss: 0.006494
27324.0s 1627 Epoch [33/150] Batch [4600/4682] Loss: 0.007273
27338.2s 1628 ==> Epoch 33 Average Loss: 0.006604
27338.2s 1629 *** New best model saved (Loss: 0.006604) ***
27339.2s 1630 Epoch [34/150] Batch [0/4682] Loss: 0.006865
27356.8s 1631 Epoch [34/150] Batch [100/4682] Loss: 0.005724
27374.5s 1632 Epoch [34/150] Batch [200/4682] Loss: 0.005523
27392.1s 1633 Epoch [34/150] Batch [300/4682] Loss: 0.006317
27409.7s 1634 Epoch [34/150] Batch [400/4682] Loss: 0.006465
27427.2s 1635 Epoch [34/150] Batch [500/4682] Loss: 0.006197
27445.0s 1636 Epoch [34/150] Batch [600/4682] Loss: 0.007098
27462.5s 1637 Epoch [34/150] Batch [700/4682] Loss: 0.005802
27480.4s 1638 Epoch [34/150] Batch [800/4682] Loss: 0.007246
27497.7s 1639 Epoch [34/150] Batch [900/4682] Loss: 0.005888
27515.5s 1640 Epoch [34/150] Batch [1000/4682] Loss: 0.006517
27532.9s 1641 Epoch [34/150] Batch [1100/4682] Loss: 0.006219
27550.8s 1642 Epoch [34/150] Batch [1200/4682] Loss: 0.005387
27568.2s 1643 Epoch [34/150] Batch [1300/4682] Loss: 0.006783
27586.2s 1644 Epoch [34/150] Batch [1400/4682] Loss: 0.006842
27603.7s 1645 Epoch [34/150] Batch [1500/4682] Loss: 0.006416
27621.6s 1646 Epoch [34/150] Batch [1600/4682] Loss: 0.006609
27639.0s 1647 Epoch [34/150] Batch [1700/4682] Loss: 0.005504
27656.6s 1648 Epoch [34/150] Batch [1800/4682] Loss: 0.006865
27674.1s 1649 Epoch [34/150] Batch [1900/4682] Loss: 0.006148
27692.0s 1650 Epoch [34/150] Batch [2000/4682] Loss: 0.007625
27709.2s 1651 Epoch [34/150] Batch [2100/4682] Loss: 0.006918
27727.1s 1652 Epoch [34/150] Batch [2200/4682] Loss: 0.006203
27744.6s 1653 Epoch [34/150] Batch [2300/4682] Loss: 0.007074
27762.5s 1654 Epoch [34/150] Batch [2400/4682] Loss: 0.005849
27779.8s 1655 Epoch [34/150] Batch [2500/4682] Loss: 0.006494
27797.5s 1656 Epoch [34/150] Batch [2600/4682] Loss: 0.005877
27814.9s 1657 Epoch [34/150] Batch [2700/4682] Loss: 0.007070
27832.6s 1658 Epoch [34/150] Batch [2800/4682] Loss: 0.006449
27850.0s 1659 Epoch [34/150] Batch [2900/4682] Loss: 0.007423
27867.8s 1660 Epoch [34/150] Batch [3000/4682] Loss: 0.006681
27885.0s 1661 Epoch [34/150] Batch [3100/4682] Loss: 0.006360
27902.7s 1662 Epoch [34/150] Batch [3200/4682] Loss: 0.006348
27920.1s 1663 Epoch [34/150] Batch [3300/4682] Loss: 0.006213
27937.8s 1664 Epoch [34/150] Batch [3400/4682] Loss: 0.006652
27955.1s 1665 Epoch [34/150] Batch [3500/4682] Loss: 0.005936
27972.9s 1666 Epoch [34/150] Batch [3600/4682] Loss: 0.006284
27990.3s 1667 Epoch [34/150] Batch [3700/4682] Loss: 0.007743
28008.0s 1668 Epoch [34/150] Batch [3800/4682] Loss: 0.007464
28025.4s 1669 Epoch [34/150] Batch [3900/4682] Loss: 0.005857
28043.2s 1670 Epoch [34/150] Batch [4000/4682] Loss: 0.006419
28060.6s 1671 Epoch [34/150] Batch [4100/4682] Loss: 0.006643
28078.3s 1672 Epoch [34/150] Batch [4200/4682] Loss: 0.007686
28095.6s 1673 Epoch [34/150] Batch [4300/4682] Loss: 0.006341
28113.5s 1674 Epoch [34/150] Batch [4400/4682] Loss: 0.006195
28131.0s 1675 Epoch [34/150] Batch [4500/4682] Loss: 0.006341
28148.9s 1676 Epoch [34/150] Batch [4600/4682] Loss: 0.006692
28162.6s 1677 ==> Epoch 34 Average Loss: 0.006579
28162.6s 1678 *** New best model saved (Loss: 0.006579) ***
28163.6s 1679 Epoch [35/150] Batch [0/4682] Loss: 0.006598
28181.1s 1680 Epoch [35/150] Batch [100/4682] Loss: 0.006653
28198.3s 1681 Epoch [35/150] Batch [200/4682] Loss: 0.006138
28216.0s 1682 Epoch [35/150] Batch [300/4682] Loss: 0.004984
28233.2s 1683 Epoch [35/150] Batch [400/4682] Loss: 0.006092
28250.8s 1684 Epoch [35/150] Batch [500/4682] Loss: 0.006819
28268.4s 1685 Epoch [35/150] Batch [600/4682] Loss: 0.006904
28286.3s 1686 Epoch [35/150] Batch [700/4682] Loss: 0.005700
28303.7s 1687 Epoch [35/150] Batch [800/4682] Loss: 0.005886
28321.0s 1688 Epoch [35/150] Batch [900/4682] Loss: 0.007209
28338.3s 1689 Epoch [35/150] Batch [1000/4682] Loss: 0.006963
28356.0s 1690 Epoch [35/150] Batch [1100/4682] Loss: 0.006617
28373.5s 1691 Epoch [35/150] Batch [1200/4682] Loss: 0.007172
28391.0s 1692 Epoch [35/150] Batch [1300/4682] Loss: 0.006801
28408.3s 1693 Epoch [35/150] Batch [1400/4682] Loss: 0.006181
28425.8s 1694 Epoch [35/150] Batch [1500/4682] Loss: 0.007111
28443.3s 1695 Epoch [35/150] Batch [1600/4682] Loss: 0.007524
28461.2s 1696 Epoch [35/150] Batch [1700/4682] Loss: 0.007051
28478.5s 1697 Epoch [35/150] Batch [1800/4682] Loss: 0.006206
28496.0s 1698 Epoch [35/150] Batch [1900/4682] Loss: 0.006546
28513.5s 1699 Epoch [35/150] Batch [2000/4682] Loss: 0.006326
28531.2s 1700 Epoch [35/150] Batch [2100/4682] Loss: 0.005976
28548.8s 1701 Epoch [35/150] Batch [2200/4682] Loss: 0.007181
28566.4s 1702 Epoch [35/150] Batch [2300/4682] Loss: 0.005904
28583.6s 1703 Epoch [35/150] Batch [2400/4682] Loss: 0.006954
28601.4s 1704 Epoch [35/150] Batch [2500/4682] Loss: 0.006651
28619.1s 1705 Epoch [35/150] Batch [2600/4682] Loss: 0.006966
28636.8s 1706 Epoch [35/150] Batch [2700/4682] Loss: 0.006399
28653.9s 1707 Epoch [35/150] Batch [2800/4682] Loss: 0.005798
28671.5s 1708 Epoch [35/150] Batch [2900/4682] Loss: 0.008972
28689.0s 1709 Epoch [35/150] Batch [3000/4682] Loss: 0.005776
28706.8s 1710 Epoch [35/150] Batch [3100/4682] Loss: 0.007182
28724.3s 1711 Epoch [35/150] Batch [3200/4682] Loss: 0.005956
28741.9s 1712 Epoch [35/150] Batch [3300/4682] Loss: 0.006980
28759.7s 1713 Epoch [35/150] Batch [3400/4682] Loss: 0.006185
28777.3s 1714 Epoch [35/150] Batch [3500/4682] Loss: 0.006532
28794.6s 1715 Epoch [35/150] Batch [3600/4682] Loss: 0.007131
28812.2s 1716 Epoch [35/150] Batch [3700/4682] Loss: 0.005912
28829.5s 1717 Epoch [35/150] Batch [3800/4682] Loss: 0.006508
28847.2s 1718 Epoch [35/150] Batch [3900/4682] Loss: 0.006942
28864.5s 1719 Epoch [35/150] Batch [4000/4682] Loss: 0.006102
28882.1s 1720 Epoch [35/150] Batch [4100/4682] Loss: 0.006098
28899.5s 1721 Epoch [35/150] Batch [4200/4682] Loss: 0.007277
28917.3s 1722 Epoch [35/150] Batch [4300/4682] Loss: 0.006824
28934.5s 1723 Epoch [35/150] Batch [4400/4682] Loss: 0.006971
28952.1s 1724 Epoch [35/150] Batch [4500/4682] Loss: 0.006950
28969.5s 1725 Epoch [35/150] Batch [4600/4682] Loss: 0.006886
28983.6s 1726 ==> Epoch 35 Average Loss: 0.006545
28983.6s 1727 *** New best model saved (Loss: 0.006545) ***
28984.7s 1728 Epoch [36/150] Batch [0/4682] Loss: 0.005991
29002.7s 1729 Epoch [36/150] Batch [100/4682] Loss: 0.006586
29020.4s 1730 Epoch [36/150] Batch [200/4682] Loss: 0.005498
29037.7s 1731 Epoch [36/150] Batch [300/4682] Loss: 0.006112
29055.6s 1732 Epoch [36/150] Batch [400/4682] Loss: 0.006043
29073.2s 1733 Epoch [36/150] Batch [500/4682] Loss: 0.006330
29091.0s 1734 Epoch [36/150] Batch [600/4682] Loss: 0.005907
29108.5s 1735 Epoch [36/150] Batch [700/4682] Loss: 0.005641
29126.4s 1736 Epoch [36/150] Batch [800/4682] Loss: 0.006820
29143.9s 1737 Epoch [36/150] Batch [900/4682] Loss: 0.007204
29161.7s 1738 Epoch [36/150] Batch [1000/4682] Loss: 0.006697
29179.1s 1739 Epoch [36/150] Batch [1100/4682] Loss: 0.006404
29196.8s 1740 Epoch [36/150] Batch [1200/4682] Loss: 0.006872
29214.1s 1741 Epoch [36/150] Batch [1300/4682] Loss: 0.005335
29231.8s 1742 Epoch [36/150] Batch [1400/4682] Loss: 0.007998
29249.2s 1743 Epoch [36/150] Batch [1500/4682] Loss: 0.006784
29266.7s 1744 Epoch [36/150] Batch [1600/4682] Loss: 0.007274
29284.1s 1745 Epoch [36/150] Batch [1700/4682] Loss: 0.006975
29301.7s 1746 Epoch [36/150] Batch [1800/4682] Loss: 0.005958
29319.2s 1747 Epoch [36/150] Batch [1900/4682] Loss: 0.005967
29337.1s 1748 Epoch [36/150] Batch [2000/4682] Loss: 0.007346
29354.7s 1749 Epoch [36/150] Batch [2100/4682] Loss: 0.006257
29372.4s 1750 Epoch [36/150] Batch [2200/4682] Loss: 0.006758
29390.1s 1751 Epoch [36/150] Batch [2300/4682] Loss: 0.006487
29407.9s 1752 Epoch [36/150] Batch [2400/4682] Loss: 0.007359
29425.2s 1753 Epoch [36/150] Batch [2500/4682] Loss: 0.005551
29442.8s 1754 Epoch [36/150] Batch [2600/4682] Loss: 0.007693
29460.1s 1755 Epoch [36/150] Batch [2700/4682] Loss: 0.006161
29478.0s 1756 Epoch [36/150] Batch [2800/4682] Loss: 0.006303
29495.5s 1757 Epoch [36/150] Batch [2900/4682] Loss: 0.007131
29513.2s 1758 Epoch [36/150] Batch [3000/4682] Loss: 0.006965
29530.5s 1759 Epoch [36/150] Batch [3100/4682] Loss: 0.006791
29548.0s 1760 Epoch [36/150] Batch [3200/4682] Loss: 0.006078
29565.4s 1761 Epoch [36/150] Batch [3300/4682] Loss: 0.006019
29582.9s 1762 Epoch [36/150] Batch [3400/4682] Loss: 0.005601
29600.2s 1763 Epoch [36/150] Batch [3500/4682] Loss: 0.006449
29617.9s 1764 Epoch [36/150] Batch [3600/4682] Loss: 0.005987
29635.3s 1765 Epoch [36/150] Batch [3700/4682] Loss: 0.006872
29653.1s 1766 Epoch [36/150] Batch [3800/4682] Loss: 0.007550
29670.4s 1767 Epoch [36/150] Batch [3900/4682] Loss: 0.006193
29688.1s 1768 Epoch [36/150] Batch [4000/4682] Loss: 0.006949
29705.6s 1769 Epoch [36/150] Batch [4100/4682] Loss: 0.008084
29723.5s 1770 Epoch [36/150] Batch [4200/4682] Loss: 0.006515
29740.8s 1771 Epoch [36/150] Batch [4300/4682] Loss: 0.005987
29758.1s 1772 Epoch [36/150] Batch [4400/4682] Loss: 0.006674
29775.6s 1773 Epoch [36/150] Batch [4500/4682] Loss: 0.007116
29793.5s 1774 Epoch [36/150] Batch [4600/4682] Loss: 0.005453
29807.5s 1775 ==> Epoch 36 Average Loss: 0.006527
29807.5s 1776 *** New best model saved (Loss: 0.006527) ***
29808.6s 1777 Epoch [37/150] Batch [0/4682] Loss: 0.005613
29826.4s 1778 Epoch [37/150] Batch [100/4682] Loss: 0.006456
29843.7s 1779 Epoch [37/150] Batch [200/4682] Loss: 0.006001
29861.3s 1780 Epoch [37/150] Batch [300/4682] Loss: 0.005571
29878.5s 1781 Epoch [37/150] Batch [400/4682] Loss: 0.006896
29896.2s 1782 Epoch [37/150] Batch [500/4682] Loss: 0.005962
29913.4s 1783 Epoch [37/150] Batch [600/4682] Loss: 0.007275
29931.0s 1784 Epoch [37/150] Batch [700/4682] Loss: 0.006296
29948.6s 1785 Epoch [37/150] Batch [800/4682] Loss: 0.006265
29966.5s 1786 Epoch [37/150] Batch [900/4682] Loss: 0.005903
29983.6s 1787 Epoch [37/150] Batch [1000/4682] Loss: 0.005407
30001.2s 1788 Epoch [37/150] Batch [1100/4682] Loss: 0.006972
30018.4s 1789 Epoch [37/150] Batch [1200/4682] Loss: 0.006590
30036.4s 1790 Epoch [37/150] Batch [1300/4682] Loss: 0.007282
30053.8s 1791 Epoch [37/150] Batch [1400/4682] Loss: 0.007401
30071.4s 1792 Epoch [37/150] Batch [1500/4682] Loss: 0.006937
30088.8s 1793 Epoch [37/150] Batch [1600/4682] Loss: 0.006458
30106.5s 1794 Epoch [37/150] Batch [1700/4682] Loss: 0.005815
30124.0s 1795 Epoch [37/150] Batch [1800/4682] Loss: 0.005840
30141.8s 1796 Epoch [37/150] Batch [1900/4682] Loss: 0.006300
30159.1s 1797 Epoch [37/150] Batch [2000/4682] Loss: 0.006118
30176.8s 1798 Epoch [37/150] Batch [2100/4682] Loss: 0.006456
30194.0s 1799 Epoch [37/150] Batch [2200/4682] Loss: 0.005919
30211.9s 1800 Epoch [37/150] Batch [2300/4682] Loss: 0.006248
30229.4s 1801 Epoch [37/150] Batch [2400/4682] Loss: 0.006681
30247.2s 1802 Epoch [37/150] Batch [2500/4682] Loss: 0.006581
30264.7s 1803 Epoch [37/150] Batch [2600/4682] Loss: 0.007004
30282.5s 1804 Epoch [37/150] Batch [2700/4682] Loss: 0.007530
30299.9s 1805 Epoch [37/150] Batch [2800/4682] Loss: 0.005826
30317.5s 1806 Epoch [37/150] Batch [2900/4682] Loss: 0.006601
30335.0s 1807 Epoch [37/150] Batch [3000/4682] Loss: 0.006567
30352.6s 1808 Epoch [37/150] Batch [3100/4682] Loss: 0.006778
30369.9s 1809 Epoch [37/150] Batch [3200/4682] Loss: 0.006276
30387.6s 1810 Epoch [37/150] Batch [3300/4682] Loss: 0.006810
30404.9s 1811 Epoch [37/150] Batch [3400/4682] Loss: 0.007056
30422.4s 1812 Epoch [37/150] Batch [3500/4682] Loss: 0.007281
30439.7s 1813 Epoch [37/150] Batch [3600/4682] Loss: 0.007501
30457.6s 1814 Epoch [37/150] Batch [3700/4682] Loss: 0.007040
30475.1s 1815 Epoch [37/150] Batch [3800/4682] Loss: 0.006431
30492.8s 1816 Epoch [37/150] Batch [3900/4682] Loss: 0.006279
30510.3s 1817 Epoch [37/150] Batch [4000/4682] Loss: 0.006412
30528.1s 1818 Epoch [37/150] Batch [4100/4682] Loss: 0.006021
30545.4s 1819 Epoch [37/150] Batch [4200/4682] Loss: 0.006652
30563.0s 1820 Epoch [37/150] Batch [4300/4682] Loss: 0.005697
30580.2s 1821 Epoch [37/150] Batch [4400/4682] Loss: 0.005705
30598.1s 1822 Epoch [37/150] Batch [4500/4682] Loss: 0.007033
30615.3s 1823 Epoch [37/150] Batch [4600/4682] Loss: 0.006945
30629.4s 1824 ==> Epoch 37 Average Loss: 0.006497
30629.4s 1825 *** New best model saved (Loss: 0.006497) ***
30630.4s 1826 Epoch [38/150] Batch [0/4682] Loss: 0.006259
30648.1s 1827 Epoch [38/150] Batch [100/4682] Loss: 0.005514
30666.0s 1828 Epoch [38/150] Batch [200/4682] Loss: 0.006403
30683.3s 1829 Epoch [38/150] Batch [300/4682] Loss: 0.006211
30700.9s 1830 Epoch [38/150] Batch [400/4682] Loss: 0.007071
30718.3s 1831 Epoch [38/150] Batch [500/4682] Loss: 0.006589
30736.1s 1832 Epoch [38/150] Batch [600/4682] Loss: 0.006694
30753.5s 1833 Epoch [38/150] Batch [700/4682] Loss: 0.007379
30771.3s 1834 Epoch [38/150] Batch [800/4682] Loss: 0.005639
30788.5s 1835 Epoch [38/150] Batch [900/4682] Loss: 0.007663
30806.2s 1836 Epoch [38/150] Batch [1000/4682] Loss: 0.006219
30823.5s 1837 Epoch [38/150] Batch [1100/4682] Loss: 0.006782
30841.1s 1838 Epoch [38/150] Batch [1200/4682] Loss: 0.006766
30858.3s 1839 Epoch [38/150] Batch [1300/4682] Loss: 0.006434
30876.0s 1840 Epoch [38/150] Batch [1400/4682] Loss: 0.006080
30893.5s 1841 Epoch [38/150] Batch [1500/4682] Loss: 0.006566
30911.5s 1842 Epoch [38/150] Batch [1600/4682] Loss: 0.005830
30928.7s 1843 Epoch [38/150] Batch [1700/4682] Loss: 0.006013
30946.4s 1844 Epoch [38/150] Batch [1800/4682] Loss: 0.007017
30963.7s 1845 Epoch [38/150] Batch [1900/4682] Loss: 0.006231
30981.3s 1846 Epoch [38/150] Batch [2000/4682] Loss: 0.006051
30998.7s 1847 Epoch [38/150] Batch [2100/4682] Loss: 0.006645
31016.5s 1848 Epoch [38/150] Batch [2200/4682] Loss: 0.008379
31033.7s 1849 Epoch [38/150] Batch [2300/4682] Loss: 0.008205
31051.3s 1850 Epoch [38/150] Batch [2400/4682] Loss: 0.005806
31069.3s 1851 Epoch [38/150] Batch [2500/4682] Loss: 0.006084
31087.0s 1852 Epoch [38/150] Batch [2600/4682] Loss: 0.007643
31104.4s 1853 Epoch [38/150] Batch [2700/4682] Loss: 0.006824
31122.3s 1854 Epoch [38/150] Batch [2800/4682] Loss: 0.006289
31139.6s 1855 Epoch [38/150] Batch [2900/4682] Loss: 0.006149
31157.3s 1856 Epoch [38/150] Batch [3000/4682] Loss: 0.006060
31174.6s 1857 Epoch [38/150] Batch [3100/4682] Loss: 0.005905
31192.1s 1858 Epoch [38/150] Batch [3200/4682] Loss: 0.005828
31209.4s 1859 Epoch [38/150] Batch [3300/4682] Loss: 0.006840
31227.0s 1860 Epoch [38/150] Batch [3400/4682] Loss: 0.006953
31244.2s 1861 Epoch [38/150] Batch [3500/4682] Loss: 0.006276
31261.8s 1862 Epoch [38/150] Batch [3600/4682] Loss: 0.006271
31279.0s 1863 Epoch [38/150] Batch [3700/4682] Loss: 0.006667
31296.7s 1864 Epoch [38/150] Batch [3800/4682] Loss: 0.006968
31314.1s 1865 Epoch [38/150] Batch [3900/4682] Loss: 0.008542
31331.9s 1866 Epoch [38/150] Batch [4000/4682] Loss: 0.006681
31349.4s 1867 Epoch [38/150] Batch [4100/4682] Loss: 0.006787
31367.2s 1868 Epoch [38/150] Batch [4200/4682] Loss: 0.006388
31384.3s 1869 Epoch [38/150] Batch [4300/4682] Loss: 0.006587
31402.1s 1870 Epoch [38/150] Batch [4400/4682] Loss: 0.007170
31419.6s 1871 Epoch [38/150] Batch [4500/4682] Loss: 0.006891
31437.4s 1872 Epoch [38/150] Batch [4600/4682] Loss: 0.006643
31451.3s 1873 ==> Epoch 38 Average Loss: 0.006471
31451.3s 1874 *** New best model saved (Loss: 0.006471) ***
31452.4s 1875 Epoch [39/150] Batch [0/4682] Loss: 0.006189
31469.9s 1876 Epoch [39/150] Batch [100/4682] Loss: 0.006703
31487.3s 1877 Epoch [39/150] Batch [200/4682] Loss: 0.006023
31505.1s 1878 Epoch [39/150] Batch [300/4682] Loss: 0.005999
31522.6s 1879 Epoch [39/150] Batch [400/4682] Loss: 0.005678
31540.3s 1880 Epoch [39/150] Batch [500/4682] Loss: 0.006342
31557.5s 1881 Epoch [39/150] Batch [600/4682] Loss: 0.007507
31574.9s 1882 Epoch [39/150] Batch [700/4682] Loss: 0.006355
31592.4s 1883 Epoch [39/150] Batch [800/4682] Loss: 0.006793
31610.2s 1884 Epoch [39/150] Batch [900/4682] Loss: 0.006742
31627.5s 1885 Epoch [39/150] Batch [1000/4682] Loss: 0.006056
31645.1s 1886 Epoch [39/150] Batch [1100/4682] Loss: 0.006571
31662.4s 1887 Epoch [39/150] Batch [1200/4682] Loss: 0.006909
31680.2s 1888 Epoch [39/150] Batch [1300/4682] Loss: 0.005639
31697.6s 1889 Epoch [39/150] Batch [1400/4682] Loss: 0.006918
31715.7s 1890 Epoch [39/150] Batch [1500/4682] Loss: 0.006579
31733.3s 1891 Epoch [39/150] Batch [1600/4682] Loss: 0.005565
31751.0s 1892 Epoch [39/150] Batch [1700/4682] Loss: 0.006068
31768.4s 1893 Epoch [39/150] Batch [1800/4682] Loss: 0.005475
31786.2s 1894 Epoch [39/150] Batch [1900/4682] Loss: 0.005660
31803.6s 1895 Epoch [39/150] Batch [2000/4682] Loss: 0.007034
31821.5s 1896 Epoch [39/150] Batch [2100/4682] Loss: 0.006372
31838.9s 1897 Epoch [39/150] Batch [2200/4682] Loss: 0.006260
31856.8s 1898 Epoch [39/150] Batch [2300/4682] Loss: 0.006153
31874.1s 1899 Epoch [39/150] Batch [2400/4682] Loss: 0.006293
31892.0s 1900 Epoch [39/150] Batch [2500/4682] Loss: 0.007125
31909.3s 1901 Epoch [39/150] Batch [2600/4682] Loss: 0.005944
31927.0s 1902 Epoch [39/150] Batch [2700/4682] Loss: 0.007068
31944.1s 1903 Epoch [39/150] Batch [2800/4682] Loss: 0.006923
31961.8s 1904 Epoch [39/150] Batch [2900/4682] Loss: 0.007200
31979.3s 1905 Epoch [39/150] Batch [3000/4682] Loss: 0.006461
31997.2s 1906 Epoch [39/150] Batch [3100/4682] Loss: 0.006574
32014.3s 1907 Epoch [39/150] Batch [3200/4682] Loss: 0.006670
32031.9s 1908 Epoch [39/150] Batch [3300/4682] Loss: 0.007194
32049.2s 1909 Epoch [39/150] Batch [3400/4682] Loss: 0.005511
32066.9s 1910 Epoch [39/150] Batch [3500/4682] Loss: 0.005971
32084.3s 1911 Epoch [39/150] Batch [3600/4682] Loss: 0.006085
32102.1s 1912 Epoch [39/150] Batch [3700/4682] Loss: 0.006449
32119.4s 1913 Epoch [39/150] Batch [3800/4682] Loss: 0.006996
32137.1s 1914 Epoch [39/150] Batch [3900/4682] Loss: 0.008668
32154.6s 1915 Epoch [39/150] Batch [4000/4682] Loss: 0.007727
32172.5s 1916 Epoch [39/150] Batch [4100/4682] Loss: 0.006665
32190.0s 1917 Epoch [39/150] Batch [4200/4682] Loss: 0.007666
32207.8s 1918 Epoch [39/150] Batch [4300/4682] Loss: 0.005924
32225.3s 1919 Epoch [39/150] Batch [4400/4682] Loss: 0.006455
32242.8s 1920 Epoch [39/150] Batch [4500/4682] Loss: 0.006372
32260.1s 1921 Epoch [39/150] Batch [4600/4682] Loss: 0.006626
32274.2s 1922 ==> Epoch 39 Average Loss: 0.006443
32274.2s 1923 *** New best model saved (Loss: 0.006443) ***
32275.4s 1924 Epoch [40/150] Batch [0/4682] Loss: 0.006581
32292.9s 1925 Epoch [40/150] Batch [100/4682] Loss: 0.006304
32310.5s 1926 Epoch [40/150] Batch [200/4682] Loss: 0.006970
32327.8s 1927 Epoch [40/150] Batch [300/4682] Loss: 0.006783
32345.6s 1928 Epoch [40/150] Batch [400/4682] Loss: 0.005155
32363.0s 1929 Epoch [40/150] Batch [500/4682] Loss: 0.006650
32380.8s 1930 Epoch [40/150] Batch [600/4682] Loss: 0.005934
32397.9s 1931 Epoch [40/150] Batch [700/4682] Loss: 0.005662
32415.6s 1932 Epoch [40/150] Batch [800/4682] Loss: 0.006695
32432.7s 1933 Epoch [40/150] Batch [900/4682] Loss: 0.006245
32450.3s 1934 Epoch [40/150] Batch [1000/4682] Loss: 0.006764
32467.7s 1935 Epoch [40/150] Batch [1100/4682] Loss: 0.005651
32485.4s 1936 Epoch [40/150] Batch [1200/4682] Loss: 0.005954
32502.7s 1937 Epoch [40/150] Batch [1300/4682] Loss: 0.005779
32520.2s 1938 Epoch [40/150] Batch [1400/4682] Loss: 0.005654
32537.4s 1939 Epoch [40/150] Batch [1500/4682] Loss: 0.006588
32555.0s 1940 Epoch [40/150] Batch [1600/4682] Loss: 0.006338
32572.4s 1941 Epoch [40/150] Batch [1700/4682] Loss: 0.006346
32590.2s 1942 Epoch [40/150] Batch [1800/4682] Loss: 0.007343
32607.8s 1943 Epoch [40/150] Batch [1900/4682] Loss: 0.006266
32625.5s 1944 Epoch [40/150] Batch [2000/4682] Loss: 0.006387
32642.7s 1945 Epoch [40/150] Batch [2100/4682] Loss: 0.006269
32660.4s 1946 Epoch [40/150] Batch [2200/4682] Loss: 0.006262
32677.8s 1947 Epoch [40/150] Batch [2300/4682] Loss: 0.006420
32695.6s 1948 Epoch [40/150] Batch [2400/4682] Loss: 0.007097
32713.1s 1949 Epoch [40/150] Batch [2500/4682] Loss: 0.005967
32730.6s 1950 Epoch [40/150] Batch [2600/4682] Loss: 0.006162
32747.9s 1951 Epoch [40/150] Batch [2700/4682] Loss: 0.006908
32765.5s 1952 Epoch [40/150] Batch [2800/4682] Loss: 0.006825
32782.8s 1953 Epoch [40/150] Batch [2900/4682] Loss: 0.006733
32800.7s 1954 Epoch [40/150] Batch [3000/4682] Loss: 0.005803
32818.0s 1955 Epoch [40/150] Batch [3100/4682] Loss: 0.006540
32835.9s 1956 Epoch [40/150] Batch [3200/4682] Loss: 0.007102
32853.4s 1957 Epoch [40/150] Batch [3300/4682] Loss: 0.006254
32871.2s 1958 Epoch [40/150] Batch [3400/4682] Loss: 0.007339
32888.5s 1959 Epoch [40/150] Batch [3500/4682] Loss: 0.006186
32906.2s 1960 Epoch [40/150] Batch [3600/4682] Loss: 0.007332
32923.6s 1961 Epoch [40/150] Batch [3700/4682] Loss: 0.005781
32941.4s 1962 Epoch [40/150] Batch [3800/4682] Loss: 0.005794
32958.7s 1963 Epoch [40/150] Batch [3900/4682] Loss: 0.005889
32976.5s 1964 Epoch [40/150] Batch [4000/4682] Loss: 0.007246
32994.0s 1965 Epoch [40/150] Batch [4100/4682] Loss: 0.006838
33011.7s 1966 Epoch [40/150] Batch [4200/4682] Loss: 0.006462
33028.9s 1967 Epoch [40/150] Batch [4300/4682] Loss: 0.006618
33046.4s 1968 Epoch [40/150] Batch [4400/4682] Loss: 0.006897
33063.6s 1969 Epoch [40/150] Batch [4500/4682] Loss: 0.007577
33081.3s 1970 Epoch [40/150] Batch [4600/4682] Loss: 0.007096
33095.3s 1971 ==> Epoch 40 Average Loss: 0.006420
33095.3s 1972 *** New best model saved (Loss: 0.006420) ***
33096.4s 1973 Epoch [41/150] Batch [0/4682] Loss: 0.006332
33114.2s 1974 Epoch [41/150] Batch [100/4682] Loss: 0.006305
33131.6s 1975 Epoch [41/150] Batch [200/4682] Loss: 0.004939
33149.4s 1976 Epoch [41/150] Batch [300/4682] Loss: 0.005670
33166.9s 1977 Epoch [41/150] Batch [400/4682] Loss: 0.007474
33184.7s 1978 Epoch [41/150] Batch [500/4682] Loss: 0.006164
33201.9s 1979 Epoch [41/150] Batch [600/4682] Loss: 0.006540
33219.6s 1980 Epoch [41/150] Batch [700/4682] Loss: 0.007024
33237.1s 1981 Epoch [41/150] Batch [800/4682] Loss: 0.005434
33255.0s 1982 Epoch [41/150] Batch [900/4682] Loss: 0.006972
33272.4s 1983 Epoch [41/150] Batch [1000/4682] Loss: 0.005756
33289.8s 1984 Epoch [41/150] Batch [1100/4682] Loss: 0.006665
33307.1s 1985 Epoch [41/150] Batch [1200/4682] Loss: 0.006097
33324.6s 1986 Epoch [41/150] Batch [1300/4682] Loss: 0.006336
33341.9s 1987 Epoch [41/150] Batch [1400/4682] Loss: 0.006394
33359.6s 1988 Epoch [41/150] Batch [1500/4682] Loss: 0.007069
33376.8s 1989 Epoch [41/150] Batch [1600/4682] Loss: 0.006252
33394.3s 1990 Epoch [41/150] Batch [1700/4682] Loss: 0.005279
33411.6s 1991 Epoch [41/150] Batch [1800/4682] Loss: 0.006183
33429.2s 1992 Epoch [41/150] Batch [1900/4682] Loss: 0.005658
33446.4s 1993 Epoch [41/150] Batch [2000/4682] Loss: 0.006140
33464.0s 1994 Epoch [41/150] Batch [2100/4682] Loss: 0.006361
33481.2s 1995 Epoch [41/150] Batch [2200/4682] Loss: 0.006792
33498.8s 1996 Epoch [41/150] Batch [2300/4682] Loss: 0.006369
33516.1s 1997 Epoch [41/150] Batch [2400/4682] Loss: 0.005247
33533.9s 1998 Epoch [41/150] Batch [2500/4682] Loss: 0.006512
33551.1s 1999 Epoch [41/150] Batch [2600/4682] Loss: 0.006605
33568.6s 2000 Epoch [41/150] Batch [2700/4682] Loss: 0.005968
33585.9s 2001 Epoch [41/150] Batch [2800/4682] Loss: 0.007087
33603.7s 2002 Epoch [41/150] Batch [2900/4682] Loss: 0.007102
33620.9s 2003 Epoch [41/150] Batch [3000/4682] Loss: 0.006313
33638.8s 2004 Epoch [41/150] Batch [3100/4682] Loss: 0.006979
33656.0s 2005 Epoch [41/150] Batch [3200/4682] Loss: 0.007448
33673.9s 2006 Epoch [41/150] Batch [3300/4682] Loss: 0.005962
33691.3s 2007 Epoch [41/150] Batch [3400/4682] Loss: 0.005906
33709.0s 2008 Epoch [41/150] Batch [3500/4682] Loss: 0.006806
33726.1s 2009 Epoch [41/150] Batch [3600/4682] Loss: 0.006564
33743.6s 2010 Epoch [41/150] Batch [3700/4682] Loss: 0.006774
33760.9s 2011 Epoch [41/150] Batch [3800/4682] Loss: 0.005759
33778.9s 2012 Epoch [41/150] Batch [3900/4682] Loss: 0.006982
33796.2s 2013 Epoch [41/150] Batch [4000/4682] Loss: 0.006326
33813.9s 2014 Epoch [41/150] Batch [4100/4682] Loss: 0.007740
33831.3s 2015 Epoch [41/150] Batch [4200/4682] Loss: 0.007102
33849.0s 2016 Epoch [41/150] Batch [4300/4682] Loss: 0.006232
33866.2s 2017 Epoch [41/150] Batch [4400/4682] Loss: 0.005964
33884.2s 2018 Epoch [41/150] Batch [4500/4682] Loss: 0.006419
33901.1s 2019 Epoch [41/150] Batch [4600/4682] Loss: 0.005356
33915.3s 2020 ==> Epoch 41 Average Loss: 0.006393
33915.3s 2021 *** New best model saved (Loss: 0.006393) ***
33916.2s 2022 Epoch [42/150] Batch [0/4682] Loss: 0.006053
33933.7s 2023 Epoch [42/150] Batch [100/4682] Loss: 0.006897
33951.3s 2024 Epoch [42/150] Batch [200/4682] Loss: 0.006406
33968.6s 2025 Epoch [42/150] Batch [300/4682] Loss: 0.006365
33986.5s 2026 Epoch [42/150] Batch [400/4682] Loss: 0.006400
34003.7s 2027 Epoch [42/150] Batch [500/4682] Loss: 0.006811
34021.3s 2028 Epoch [42/150] Batch [600/4682] Loss: 0.005156
34038.8s 2029 Epoch [42/150] Batch [700/4682] Loss: 0.006720
34056.8s 2030 Epoch [42/150] Batch [800/4682] Loss: 0.006363
34074.0s 2031 Epoch [42/150] Batch [900/4682] Loss: 0.006194
34091.6s 2032 Epoch [42/150] Batch [1000/4682] Loss: 0.006443
34109.0s 2033 Epoch [42/150] Batch [1100/4682] Loss: 0.006108
34126.7s 2034 Epoch [42/150] Batch [1200/4682] Loss: 0.005508
34143.9s 2035 Epoch [42/150] Batch [1300/4682] Loss: 0.006158
34161.4s 2036 Epoch [42/150] Batch [1400/4682] Loss: 0.006688
34178.7s 2037 Epoch [42/150] Batch [1500/4682] Loss: 0.006979
34196.4s 2038 Epoch [42/150] Batch [1600/4682] Loss: 0.006686
34213.9s 2039 Epoch [42/150] Batch [1700/4682] Loss: 0.006482
34231.6s 2040 Epoch [42/150] Batch [1800/4682] Loss: 0.005853
34248.9s 2041 Epoch [42/150] Batch [1900/4682] Loss: 0.006289
34266.4s 2042 Epoch [42/150] Batch [2000/4682] Loss: 0.006395
34283.8s 2043 Epoch [42/150] Batch [2100/4682] Loss: 0.007065
34301.5s 2044 Epoch [42/150] Batch [2200/4682] Loss: 0.006655
34318.8s 2045 Epoch [42/150] Batch [2300/4682] Loss: 0.007224
34336.6s 2046 Epoch [42/150] Batch [2400/4682] Loss: 0.006012
34354.1s 2047 Epoch [42/150] Batch [2500/4682] Loss: 0.006405
34371.8s 2048 Epoch [42/150] Batch [2600/4682] Loss: 0.005862
34389.2s 2049 Epoch [42/150] Batch [2700/4682] Loss: 0.006144
34407.0s 2050 Epoch [42/150] Batch [2800/4682] Loss: 0.006114
34424.4s 2051 Epoch [42/150] Batch [2900/4682] Loss: 0.007010
34442.2s 2052 Epoch [42/150] Batch [3000/4682] Loss: 0.006319
34459.5s 2053 Epoch [42/150] Batch [3100/4682] Loss: 0.006217
34477.3s 2054 Epoch [42/150] Batch [3200/4682] Loss: 0.007522
34494.4s 2055 Epoch [42/150] Batch [3300/4682] Loss: 0.007080
34512.2s 2056 Epoch [42/150] Batch [3400/4682] Loss: 0.007763
34529.7s 2057 Epoch [42/150] Batch [3500/4682] Loss: 0.006934
34547.6s 2058 Epoch [42/150] Batch [3600/4682] Loss: 0.006639
34564.7s 2059 Epoch [42/150] Batch [3700/4682] Loss: 0.006673
34582.1s 2060 Epoch [42/150] Batch [3800/4682] Loss: 0.004742
34599.4s 2061 Epoch [42/150] Batch [3900/4682] Loss: 0.006798
34617.1s 2062 Epoch [42/150] Batch [4000/4682] Loss: 0.006675
34634.3s 2063 Epoch [42/150] Batch [4100/4682] Loss: 0.006201
34651.8s 2064 Epoch [42/150] Batch [4200/4682] Loss: 0.006695
34669.3s 2065 Epoch [42/150] Batch [4300/4682] Loss: 0.006310
34687.2s 2066 Epoch [42/150] Batch [4400/4682] Loss: 0.005686
34704.6s 2067 Epoch [42/150] Batch [4500/4682] Loss: 0.006844
34722.3s 2068 Epoch [42/150] Batch [4600/4682] Loss: 0.006167
34736.0s 2069 ==> Epoch 42 Average Loss: 0.006376
34736.0s 2070 *** New best model saved (Loss: 0.006376) ***
34737.2s 2071 Epoch [43/150] Batch [0/4682] Loss: 0.006196
34754.7s 2072 Epoch [43/150] Batch [100/4682] Loss: 0.006116
34772.3s 2073 Epoch [43/150] Batch [200/4682] Loss: 0.006164
34790.3s 2074 Epoch [43/150] Batch [300/4682] Loss: 0.006518
34807.5s 2075 Epoch [43/150] Batch [400/4682] Loss: 0.006072
34824.9s 2076 Epoch [43/150] Batch [500/4682] Loss: 0.007548
34842.4s 2077 Epoch [43/150] Batch [600/4682] Loss: 0.005805
34860.3s 2078 Epoch [43/150] Batch [700/4682] Loss: 0.006572
34877.7s 2079 Epoch [43/150] Batch [800/4682] Loss: 0.006273
34895.1s 2080 Epoch [43/150] Batch [900/4682] Loss: 0.007223
34912.5s 2081 Epoch [43/150] Batch [1000/4682] Loss: 0.006083
34930.4s 2082 Epoch [43/150] Batch [1100/4682] Loss: 0.005678
34948.1s 2083 Epoch [43/150] Batch [1200/4682] Loss: 0.006262
34965.8s 2084 Epoch [43/150] Batch [1300/4682] Loss: 0.007573
34982.9s 2085 Epoch [43/150] Batch [1400/4682] Loss: 0.006371
35000.5s 2086 Epoch [43/150] Batch [1500/4682] Loss: 0.007201
35018.0s 2087 Epoch [43/150] Batch [1600/4682] Loss: 0.006435
35035.9s 2088 Epoch [43/150] Batch [1700/4682] Loss: 0.006203
35053.1s 2089 Epoch [43/150] Batch [1800/4682] Loss: 0.006060
35070.9s 2090 Epoch [43/150] Batch [1900/4682] Loss: 0.006010
35088.2s 2091 Epoch [43/150] Batch [2000/4682] Loss: 0.006055
35106.0s 2092 Epoch [43/150] Batch [2100/4682] Loss: 0.006258
35123.2s 2093 Epoch [43/150] Batch [2200/4682] Loss: 0.007064
35140.8s 2094 Epoch [43/150] Batch [2300/4682] Loss: 0.006117
35158.1s 2095 Epoch [43/150] Batch [2400/4682] Loss: 0.006104
35175.9s 2096 Epoch [43/150] Batch [2500/4682] Loss: 0.006944
35193.2s 2097 Epoch [43/150] Batch [2600/4682] Loss: 0.006797
35210.9s 2098 Epoch [43/150] Batch [2700/4682] Loss: 0.005486
35228.1s 2099 Epoch [43/150] Batch [2800/4682] Loss: 0.006674
35246.0s 2100 Epoch [43/150] Batch [2900/4682] Loss: 0.006584
35263.2s 2101 Epoch [43/150] Batch [3000/4682] Loss: 0.005968
35281.0s 2102 Epoch [43/150] Batch [3100/4682] Loss: 0.005876
35298.5s 2103 Epoch [43/150] Batch [3200/4682] Loss: 0.006630
35316.2s 2104 Epoch [43/150] Batch [3300/4682] Loss: 0.006343
35333.4s 2105 Epoch [43/150] Batch [3400/4682] Loss: 0.006499
35351.1s 2106 Epoch [43/150] Batch [3500/4682] Loss: 0.007108
35368.5s 2107 Epoch [43/150] Batch [3600/4682] Loss: 0.006022
35386.2s 2108 Epoch [43/150] Batch [3700/4682] Loss: 0.006296
35403.4s 2109 Epoch [43/150] Batch [3800/4682] Loss: 0.007158
35421.0s 2110 Epoch [43/150] Batch [3900/4682] Loss: 0.006468
35438.2s 2111 Epoch [43/150] Batch [4000/4682] Loss: 0.005110
35455.9s 2112 Epoch [43/150] Batch [4100/4682] Loss: 0.006455
35473.3s 2113 Epoch [43/150] Batch [4200/4682] Loss: 0.007383
35490.8s 2114 Epoch [43/150] Batch [4300/4682] Loss: 0.007572
35508.0s 2115 Epoch [43/150] Batch [4400/4682] Loss: 0.007609
35525.8s 2116 Epoch [43/150] Batch [4500/4682] Loss: 0.006356
35543.2s 2117 Epoch [43/150] Batch [4600/4682] Loss: 0.006541
35557.3s 2118 ==> Epoch 43 Average Loss: 0.006358
35557.3s 2119 *** New best model saved (Loss: 0.006358) ***
35558.4s 2120 Epoch [44/150] Batch [0/4682] Loss: 0.006549
35575.9s 2121 Epoch [44/150] Batch [100/4682] Loss: 0.006822
35593.7s 2122 Epoch [44/150] Batch [200/4682] Loss: 0.005438
35611.2s 2123 Epoch [44/150] Batch [300/4682] Loss: 0.005981
35628.8s 2124 Epoch [44/150] Batch [400/4682] Loss: 0.006333
35646.0s 2125 Epoch [44/150] Batch [500/4682] Loss: 0.005619
35663.8s 2126 Epoch [44/150] Batch [600/4682] Loss: 0.005057
35681.3s 2127 Epoch [44/150] Batch [700/4682] Loss: 0.006444
35699.5s 2128 Epoch [44/150] Batch [800/4682] Loss: 0.005781
35717.2s 2129 Epoch [44/150] Batch [900/4682] Loss: 0.006245
35735.0s 2130 Epoch [44/150] Batch [1000/4682] Loss: 0.005753
35752.5s 2131 Epoch [44/150] Batch [1100/4682] Loss: 0.006268
35770.3s 2132 Epoch [44/150] Batch [1200/4682] Loss: 0.006145
35787.6s 2133 Epoch [44/150] Batch [1300/4682] Loss: 0.005470
35805.5s 2134 Epoch [44/150] Batch [1400/4682] Loss: 0.005894
35822.9s 2135 Epoch [44/150] Batch [1500/4682] Loss: 0.006202
35840.9s 2136 Epoch [44/150] Batch [1600/4682] Loss: 0.005912
35858.0s 2137 Epoch [44/150] Batch [1700/4682] Loss: 0.006015
35875.8s 2138 Epoch [44/150] Batch [1800/4682] Loss: 0.006128
35893.2s 2139 Epoch [44/150] Batch [1900/4682] Loss: 0.005903
35910.7s 2140 Epoch [44/150] Batch [2000/4682] Loss: 0.006687
35928.2s 2141 Epoch [44/150] Batch [2100/4682] Loss: 0.007243
35945.8s 2142 Epoch [44/150] Batch [2200/4682] Loss: 0.006238
35963.0s 2143 Epoch [44/150] Batch [2300/4682] Loss: 0.006899
35980.6s 2144 Epoch [44/150] Batch [2400/4682] Loss: 0.006294
35997.8s 2145 Epoch [44/150] Batch [2500/4682] Loss: 0.006684
36015.8s 2146 Epoch [44/150] Batch [2600/4682] Loss: 0.006595
36033.0s 2147 Epoch [44/150] Batch [2700/4682] Loss: 0.006540
36051.0s 2148 Epoch [44/150] Batch [2800/4682] Loss: 0.006304
36068.3s 2149 Epoch [44/150] Batch [2900/4682] Loss: 0.005884
36086.0s 2150 Epoch [44/150] Batch [3000/4682] Loss: 0.007056
36103.1s 2151 Epoch [44/150] Batch [3100/4682] Loss: 0.005813
36120.8s 2152 Epoch [44/150] Batch [3200/4682] Loss: 0.005580
36138.3s 2153 Epoch [44/150] Batch [3300/4682] Loss: 0.007177
36156.0s 2154 Epoch [44/150] Batch [3400/4682] Loss: 0.006035
36173.3s 2155 Epoch [44/150] Batch [3500/4682] Loss: 0.005610
36190.9s 2156 Epoch [44/150] Batch [3600/4682] Loss: 0.005410
36208.5s 2157 Epoch [44/150] Batch [3700/4682] Loss: 0.006392
36226.3s 2158 Epoch [44/150] Batch [3800/4682] Loss: 0.007608
36243.6s 2159 Epoch [44/150] Batch [3900/4682] Loss: 0.005972
36261.2s 2160 Epoch [44/150] Batch [4000/4682] Loss: 0.007269
36278.3s 2161 Epoch [44/150] Batch [4100/4682] Loss: 0.006434
36296.0s 2162 Epoch [44/150] Batch [4200/4682] Loss: 0.006279
36313.6s 2163 Epoch [44/150] Batch [4300/4682] Loss: 0.006563
36331.3s 2164 Epoch [44/150] Batch [4400/4682] Loss: 0.006408
36348.7s 2165 Epoch [44/150] Batch [4500/4682] Loss: 0.007145
36366.3s 2166 Epoch [44/150] Batch [4600/4682] Loss: 0.006766
36380.1s 2167 ==> Epoch 44 Average Loss: 0.006324
36380.1s 2168 *** New best model saved (Loss: 0.006324) ***
36381.2s 2169 Epoch [45/150] Batch [0/4682] Loss: 0.006750
36398.8s 2170 Epoch [45/150] Batch [100/4682] Loss: 0.006969
36416.1s 2171 Epoch [45/150] Batch [200/4682] Loss: 0.006332
36433.9s 2172 Epoch [45/150] Batch [300/4682] Loss: 0.005728
36451.4s 2173 Epoch [45/150] Batch [400/4682] Loss: 0.005469
36469.1s 2174 Epoch [45/150] Batch [500/4682] Loss: 0.006461
36486.6s 2175 Epoch [45/150] Batch [600/4682] Loss: 0.006539
36504.2s 2176 Epoch [45/150] Batch [700/4682] Loss: 0.005882
36521.6s 2177 Epoch [45/150] Batch [800/4682] Loss: 0.005968
36539.5s 2178 Epoch [45/150] Batch [900/4682] Loss: 0.005373
36557.1s 2179 Epoch [45/150] Batch [1000/4682] Loss: 0.005140
36574.8s 2180 Epoch [45/150] Batch [1100/4682] Loss: 0.005963
36592.0s 2181 Epoch [45/150] Batch [1200/4682] Loss: 0.006653
36609.8s 2182 Epoch [45/150] Batch [1300/4682] Loss: 0.006100
36627.2s 2183 Epoch [45/150] Batch [1400/4682] Loss: 0.005586
36644.7s 2184 Epoch [45/150] Batch [1500/4682] Loss: 0.005913
36661.9s 2185 Epoch [45/150] Batch [1600/4682] Loss: 0.006727
36679.9s 2186 Epoch [45/150] Batch [1700/4682] Loss: 0.005584
36697.5s 2187 Epoch [45/150] Batch [1800/4682] Loss: 0.006002
36715.3s 2188 Epoch [45/150] Batch [1900/4682] Loss: 0.005796
36732.4s 2189 Epoch [45/150] Batch [2000/4682] Loss: 0.006390
36750.2s 2190 Epoch [45/150] Batch [2100/4682] Loss: 0.007157
36767.6s 2191 Epoch [45/150] Batch [2200/4682] Loss: 0.005732
36785.5s 2192 Epoch [45/150] Batch [2300/4682] Loss: 0.006231
36803.1s 2193 Epoch [45/150] Batch [2400/4682] Loss: 0.005844
36820.8s 2194 Epoch [45/150] Batch [2500/4682] Loss: 0.006992
36838.2s 2195 Epoch [45/150] Batch [2600/4682] Loss: 0.006112
36856.0s 2196 Epoch [45/150] Batch [2700/4682] Loss: 0.006071
36873.4s 2197 Epoch [45/150] Batch [2800/4682] Loss: 0.005905
36891.4s 2198 Epoch [45/150] Batch [2900/4682] Loss: 0.006515
36908.9s 2199 Epoch [45/150] Batch [3000/4682] Loss: 0.005098
36926.8s 2200 Epoch [45/150] Batch [3100/4682] Loss: 0.007042
36944.1s 2201 Epoch [45/150] Batch [3200/4682] Loss: 0.006644
36961.8s 2202 Epoch [45/150] Batch [3300/4682] Loss: 0.007059
36979.2s 2203 Epoch [45/150] Batch [3400/4682] Loss: 0.006781
36997.0s 2204 Epoch [45/150] Batch [3500/4682] Loss: 0.006805
37014.9s 2205 Epoch [45/150] Batch [3600/4682] Loss: 0.006701
37032.7s 2206 Epoch [45/150] Batch [3700/4682] Loss: 0.006390
37050.0s 2207 Epoch [45/150] Batch [3800/4682] Loss: 0.006473
37067.8s 2208 Epoch [45/150] Batch [3900/4682] Loss: 0.006936
37085.3s 2209 Epoch [45/150] Batch [4000/4682] Loss: 0.006878
37103.1s 2210 Epoch [45/150] Batch [4100/4682] Loss: 0.006249
37120.5s 2211 Epoch [45/150] Batch [4200/4682] Loss: 0.006687
37138.3s 2212 Epoch [45/150] Batch [4300/4682] Loss: 0.007066
37155.7s 2213 Epoch [45/150] Batch [4400/4682] Loss: 0.008014
37174.1s 2214 Epoch [45/150] Batch [4500/4682] Loss: 0.006465
37191.4s 2215 Epoch [45/150] Batch [4600/4682] Loss: 0.007008
37205.4s 2216 ==> Epoch 45 Average Loss: 0.006299
37205.4s 2217 *** New best model saved (Loss: 0.006299) ***
37206.4s 2218 Epoch [46/150] Batch [0/4682] Loss: 0.006094
37224.1s 2219 Epoch [46/150] Batch [100/4682] Loss: 0.006419
37242.2s 2220 Epoch [46/150] Batch [200/4682] Loss: 0.007016
37259.8s 2221 Epoch [46/150] Batch [300/4682] Loss: 0.006806
37278.2s 2222 Epoch [46/150] Batch [400/4682] Loss: 0.005366
37295.9s 2223 Epoch [46/150] Batch [500/4682] Loss: 0.005367
37313.9s 2224 Epoch [46/150] Batch [600/4682] Loss: 0.006721
37331.4s 2225 Epoch [46/150] Batch [700/4682] Loss: 0.006351
37349.4s 2226 Epoch [46/150] Batch [800/4682] Loss: 0.006629
37366.8s 2227 Epoch [46/150] Batch [900/4682] Loss: 0.004865
37384.6s 2228 Epoch [46/150] Batch [1000/4682] Loss: 0.005805
37402.2s 2229 Epoch [46/150] Batch [1100/4682] Loss: 0.005990
37420.2s 2230 Epoch [46/150] Batch [1200/4682] Loss: 0.006256
37437.9s 2231 Epoch [46/150] Batch [1300/4682] Loss: 0.005833
37455.8s 2232 Epoch [46/150] Batch [1400/4682] Loss: 0.005941
37473.4s 2233 Epoch [46/150] Batch [1500/4682] Loss: 0.005977
37491.4s 2234 Epoch [46/150] Batch [1600/4682] Loss: 0.006129
37509.0s 2235 Epoch [46/150] Batch [1700/4682] Loss: 0.006879
37526.7s 2236 Epoch [46/150] Batch [1800/4682] Loss: 0.007289
37544.5s 2237 Epoch [46/150] Batch [1900/4682] Loss: 0.005412
37562.2s 2238 Epoch [46/150] Batch [2000/4682] Loss: 0.006308
37579.9s 2239 Epoch [46/150] Batch [2100/4682] Loss: 0.006190
37597.6s 2240 Epoch [46/150] Batch [2200/4682] Loss: 0.005926
37615.0s 2241 Epoch [46/150] Batch [2300/4682] Loss: 0.006235
37633.7s 2242 Epoch [46/150] Batch [2400/4682] Loss: 0.006149
37651.4s 2243 Epoch [46/150] Batch [2500/4682] Loss: 0.006575
37669.4s 2244 Epoch [46/150] Batch [2600/4682] Loss: 0.006346
37686.9s 2245 Epoch [46/150] Batch [2700/4682] Loss: 0.006822
37705.1s 2246 Epoch [46/150] Batch [2800/4682] Loss: 0.006774
37722.9s 2247 Epoch [46/150] Batch [2900/4682] Loss: 0.007155
37740.7s 2248 Epoch [46/150] Batch [3000/4682] Loss: 0.007065
37758.2s 2249 Epoch [46/150] Batch [3100/4682] Loss: 0.005854
37776.2s 2250 Epoch [46/150] Batch [3200/4682] Loss: 0.006640
37793.7s 2251 Epoch [46/150] Batch [3300/4682] Loss: 0.006935
37811.6s 2252 Epoch [46/150] Batch [3400/4682] Loss: 0.006814
37829.2s 2253 Epoch [46/150] Batch [3500/4682] Loss: 0.007996
37847.1s 2254 Epoch [46/150] Batch [3600/4682] Loss: 0.006234
37864.5s 2255 Epoch [46/150] Batch [3700/4682] Loss: 0.006873
37882.9s 2256 Epoch [46/150] Batch [3800/4682] Loss: 0.005916
37900.4s 2257 Epoch [46/150] Batch [3900/4682] Loss: 0.007073
37918.2s 2258 Epoch [46/150] Batch [4000/4682] Loss: 0.006166
37935.7s 2259 Epoch [46/150] Batch [4100/4682] Loss: 0.005799
37953.8s 2260 Epoch [46/150] Batch [4200/4682] Loss: 0.006218
37971.3s 2261 Epoch [46/150] Batch [4300/4682] Loss: 0.005901
37989.1s 2262 Epoch [46/150] Batch [4400/4682] Loss: 0.005839
38006.6s 2263 Epoch [46/150] Batch [4500/4682] Loss: 0.005914
38024.6s 2264 Epoch [46/150] Batch [4600/4682] Loss: 0.007610
38038.7s 2265 ==> Epoch 46 Average Loss: 0.006280
38038.7s 2266 *** New best model saved (Loss: 0.006280) ***
38039.7s 2267 Epoch [47/150] Batch [0/4682] Loss: 0.006040
38057.7s 2268 Epoch [47/150] Batch [100/4682] Loss: 0.007153
38075.0s 2269 Epoch [47/150] Batch [200/4682] Loss: 0.006616
38093.2s 2270 Epoch [47/150] Batch [300/4682] Loss: 0.006587
38110.6s 2271 Epoch [47/150] Batch [400/4682] Loss: 0.006147
38128.4s 2272 Epoch [47/150] Batch [500/4682] Loss: 0.005961
38146.1s 2273 Epoch [47/150] Batch [600/4682] Loss: 0.006900
38163.9s 2274 Epoch [47/150] Batch [700/4682] Loss: 0.006243
38181.0s 2275 Epoch [47/150] Batch [800/4682] Loss: 0.006476
38198.8s 2276 Epoch [47/150] Batch [900/4682] Loss: 0.006378
38216.2s 2277 Epoch [47/150] Batch [1000/4682] Loss: 0.005700
38233.8s 2278 Epoch [47/150] Batch [1100/4682] Loss: 0.005942
38251.2s 2279 Epoch [47/150] Batch [1200/4682] Loss: 0.005922
38268.8s 2280 Epoch [47/150] Batch [1300/4682] Loss: 0.006861
38286.2s 2281 Epoch [47/150] Batch [1400/4682] Loss: 0.005842
38304.0s 2282 Epoch [47/150] Batch [1500/4682] Loss: 0.005882
38321.3s 2283 Epoch [47/150] Batch [1600/4682] Loss: 0.006936
38339.2s 2284 Epoch [47/150] Batch [1700/4682] Loss: 0.005318
38356.3s 2285 Epoch [47/150] Batch [1800/4682] Loss: 0.006025
38374.0s 2286 Epoch [47/150] Batch [1900/4682] Loss: 0.007160
38391.5s 2287 Epoch [47/150] Batch [2000/4682] Loss: 0.005344
38409.2s 2288 Epoch [47/150] Batch [2100/4682] Loss: 0.005352
38426.7s 2289 Epoch [47/150] Batch [2200/4682] Loss: 0.006037
38444.5s 2290 Epoch [47/150] Batch [2300/4682] Loss: 0.007075
38461.9s 2291 Epoch [47/150] Batch [2400/4682] Loss: 0.007142
38479.7s 2292 Epoch [47/150] Batch [2500/4682] Loss: 0.007138
38497.0s 2293 Epoch [47/150] Batch [2600/4682] Loss: 0.006015
38514.8s 2294 Epoch [47/150] Batch [2700/4682] Loss: 0.006883
38532.3s 2295 Epoch [47/150] Batch [2800/4682] Loss: 0.006832
38550.0s 2296 Epoch [47/150] Batch [2900/4682] Loss: 0.006206
38567.4s 2297 Epoch [47/150] Batch [3000/4682] Loss: 0.005101
38585.4s 2298 Epoch [47/150] Batch [3100/4682] Loss: 0.005747
38602.9s 2299 Epoch [47/150] Batch [3200/4682] Loss: 0.006521
38620.5s 2300 Epoch [47/150] Batch [3300/4682] Loss: 0.007120
38637.8s 2301 Epoch [47/150] Batch [3400/4682] Loss: 0.005142
38655.3s 2302 Epoch [47/150] Batch [3500/4682] Loss: 0.006204
38672.5s 2303 Epoch [47/150] Batch [3600/4682] Loss: 0.007022
38690.2s 2304 Epoch [47/150] Batch [3700/4682] Loss: 0.005360
38707.6s 2305 Epoch [47/150] Batch [3800/4682] Loss: 0.006435
38725.4s 2306 Epoch [47/150] Batch [3900/4682] Loss: 0.006291
38742.6s 2307 Epoch [47/150] Batch [4000/4682] Loss: 0.006413
38760.4s 2308 Epoch [47/150] Batch [4100/4682] Loss: 0.006302
38777.8s 2309 Epoch [47/150] Batch [4200/4682] Loss: 0.006783
38795.7s 2310 Epoch [47/150] Batch [4300/4682] Loss: 0.006169
38812.9s 2311 Epoch [47/150] Batch [4400/4682] Loss: 0.007282
38830.5s 2312 Epoch [47/150] Batch [4500/4682] Loss: 0.006057
38847.7s 2313 Epoch [47/150] Batch [4600/4682] Loss: 0.006558
38862.1s 2314 ==> Epoch 47 Average Loss: 0.006257
38862.1s 2315 *** New best model saved (Loss: 0.006257) ***
38863.1s 2316 Epoch [48/150] Batch [0/4682] Loss: 0.005533
38880.7s 2317 Epoch [48/150] Batch [100/4682] Loss: 0.006280
38898.3s 2318 Epoch [48/150] Batch [200/4682] Loss: 0.006442
38915.5s 2319 Epoch [48/150] Batch [300/4682] Loss: 0.005186
38933.2s 2320 Epoch [48/150] Batch [400/4682] Loss: 0.005728
38950.6s 2321 Epoch [48/150] Batch [500/4682] Loss: 0.005622
38968.4s 2322 Epoch [48/150] Batch [600/4682] Loss: 0.006588
38985.9s 2323 Epoch [48/150] Batch [700/4682] Loss: 0.004982
39003.6s 2324 Epoch [48/150] Batch [800/4682] Loss: 0.005021
39021.1s 2325 Epoch [48/150] Batch [900/4682] Loss: 0.007423
39038.8s 2326 Epoch [48/150] Batch [1000/4682] Loss: 0.006950
39055.9s 2327 Epoch [48/150] Batch [1100/4682] Loss: 0.006379
39073.5s 2328 Epoch [48/150] Batch [1200/4682] Loss: 0.005825
39091.0s 2329 Epoch [48/150] Batch [1300/4682] Loss: 0.005983
39108.9s 2330 Epoch [48/150] Batch [1400/4682] Loss: 0.006450
39126.2s 2331 Epoch [48/150] Batch [1500/4682] Loss: 0.006783
39144.4s 2332 Epoch [48/150] Batch [1600/4682] Loss: 0.005810
39161.6s 2333 Epoch [48/150] Batch [1700/4682] Loss: 0.006016
39179.6s 2334 Epoch [48/150] Batch [1800/4682] Loss: 0.006798
39196.8s 2335 Epoch [48/150] Batch [1900/4682] Loss: 0.007029
39214.6s 2336 Epoch [48/150] Batch [2000/4682] Loss: 0.005363
39232.0s 2337 Epoch [48/150] Batch [2100/4682] Loss: 0.006285
39249.7s 2338 Epoch [48/150] Batch [2200/4682] Loss: 0.005945
39267.1s 2339 Epoch [48/150] Batch [2300/4682] Loss: 0.006128
39284.8s 2340 Epoch [48/150] Batch [2400/4682] Loss: 0.006169
39302.1s 2341 Epoch [48/150] Batch [2500/4682] Loss: 0.007041
39319.7s 2342 Epoch [48/150] Batch [2600/4682] Loss: 0.006003
39337.1s 2343 Epoch [48/150] Batch [2700/4682] Loss: 0.005093
39354.9s 2344 Epoch [48/150] Batch [2800/4682] Loss: 0.005728
39372.3s 2345 Epoch [48/150] Batch [2900/4682] Loss: 0.005992
39390.3s 2346 Epoch [48/150] Batch [3000/4682] Loss: 0.006222
39407.6s 2347 Epoch [48/150] Batch [3100/4682] Loss: 0.005513
39425.5s 2348 Epoch [48/150] Batch [3200/4682] Loss: 0.006767
39442.9s 2349 Epoch [48/150] Batch [3300/4682] Loss: 0.006508
39460.6s 2350 Epoch [48/150] Batch [3400/4682] Loss: 0.005821
39478.1s 2351 Epoch [48/150] Batch [3500/4682] Loss: 0.006068
39495.8s 2352 Epoch [48/150] Batch [3600/4682] Loss: 0.007306
39513.2s 2353 Epoch [48/150] Batch [3700/4682] Loss: 0.007179
39530.8s 2354 Epoch [48/150] Batch [3800/4682] Loss: 0.007106
39548.2s 2355 Epoch [48/150] Batch [3900/4682] Loss: 0.006217
39566.0s 2356 Epoch [48/150] Batch [4000/4682] Loss: 0.005407
39583.2s 2357 Epoch [48/150] Batch [4100/4682] Loss: 0.006508
39600.8s 2358 Epoch [48/150] Batch [4200/4682] Loss: 0.005862
39618.1s 2359 Epoch [48/150] Batch [4300/4682] Loss: 0.005862
39635.9s 2360 Epoch [48/150] Batch [4400/4682] Loss: 0.006342
39653.0s 2361 Epoch [48/150] Batch [4500/4682] Loss: 0.005962
39670.8s 2362 Epoch [48/150] Batch [4600/4682] Loss: 0.006333
39684.7s 2363 ==> Epoch 48 Average Loss: 0.006235
39684.7s 2364 *** New best model saved (Loss: 0.006235) ***
39685.8s 2365 Epoch [49/150] Batch [0/4682] Loss: 0.005608
39703.4s 2366 Epoch [49/150] Batch [100/4682] Loss: 0.006001
39720.6s 2367 Epoch [49/150] Batch [200/4682] Loss: 0.005772
39738.4s 2368 Epoch [49/150] Batch [300/4682] Loss: 0.005368
39755.7s 2369 Epoch [49/150] Batch [400/4682] Loss: 0.005570
39773.4s 2370 Epoch [49/150] Batch [500/4682] Loss: 0.005744
39790.6s 2371 Epoch [49/150] Batch [600/4682] Loss: 0.007050
39808.5s 2372 Epoch [49/150] Batch [700/4682] Loss: 0.005667
39825.8s 2373 Epoch [49/150] Batch [800/4682] Loss: 0.006298
39843.6s 2374 Epoch [49/150] Batch [900/4682] Loss: 0.005672
39860.9s 2375 Epoch [49/150] Batch [1000/4682] Loss: 0.005977
39878.7s 2376 Epoch [49/150] Batch [1100/4682] Loss: 0.006382
39896.0s 2377 Epoch [49/150] Batch [1200/4682] Loss: 0.006619
39913.6s 2378 Epoch [49/150] Batch [1300/4682] Loss: 0.006129
39930.9s 2379 Epoch [49/150] Batch [1400/4682] Loss: 0.006526
39948.6s 2380 Epoch [49/150] Batch [1500/4682] Loss: 0.005723
39965.8s 2381 Epoch [49/150] Batch [1600/4682] Loss: 0.006527
39983.8s 2382 Epoch [49/150] Batch [1700/4682] Loss: 0.006345
40001.1s 2383 Epoch [49/150] Batch [1800/4682] Loss: 0.005212
40018.8s 2384 Epoch [49/150] Batch [1900/4682] Loss: 0.005470
40036.2s 2385 Epoch [49/150] Batch [2000/4682] Loss: 0.006891
40053.9s 2386 Epoch [49/150] Batch [2100/4682] Loss: 0.005350
40071.1s 2387 Epoch [49/150] Batch [2200/4682] Loss: 0.007001
40088.9s 2388 Epoch [49/150] Batch [2300/4682] Loss: 0.005501
40106.6s 2389 Epoch [49/150] Batch [2400/4682] Loss: 0.006588
40124.3s 2390 Epoch [49/150] Batch [2500/4682] Loss: 0.005817
40141.4s 2391 Epoch [49/150] Batch [2600/4682] Loss: 0.006255
40159.0s 2392 Epoch [49/150] Batch [2700/4682] Loss: 0.007491
40176.3s 2393 Epoch [49/150] Batch [2800/4682] Loss: 0.004930
40194.2s 2394 Epoch [49/150] Batch [2900/4682] Loss: 0.006028
40211.6s 2395 Epoch [49/150] Batch [3000/4682] Loss: 0.006409
40229.3s 2396 Epoch [49/150] Batch [3100/4682] Loss: 0.006581
40246.7s 2397 Epoch [49/150] Batch [3200/4682] Loss: 0.005221
40264.4s 2398 Epoch [49/150] Batch [3300/4682] Loss: 0.006800
40281.7s 2399 Epoch [49/150] Batch [3400/4682] Loss: 0.005376
40299.5s 2400 Epoch [49/150] Batch [3500/4682] Loss: 0.005883
40316.9s 2401 Epoch [49/150] Batch [3600/4682] Loss: 0.006136
40334.6s 2402 Epoch [49/150] Batch [3700/4682] Loss: 0.005689
40351.8s 2403 Epoch [49/150] Batch [3800/4682] Loss: 0.006633
40369.6s 2404 Epoch [49/150] Batch [3900/4682] Loss: 0.006277
40386.7s 2405 Epoch [49/150] Batch [4000/4682] Loss: 0.006488
40404.4s 2406 Epoch [49/150] Batch [4100/4682] Loss: 0.005729
40421.6s 2407 Epoch [49/150] Batch [4200/4682] Loss: 0.006317
40439.4s 2408 Epoch [49/150] Batch [4300/4682] Loss: 0.006250
40456.8s 2409 Epoch [49/150] Batch [4400/4682] Loss: 0.005984
40474.5s 2410 Epoch [49/150] Batch [4500/4682] Loss: 0.006226
40491.7s 2411 Epoch [49/150] Batch [4600/4682] Loss: 0.005809
40505.9s 2412 ==> Epoch 49 Average Loss: 0.006212
40505.9s 2413 *** New best model saved (Loss: 0.006212) ***
40507.1s 2414 Epoch [50/150] Batch [0/4682] Loss: 0.005532
40524.6s 2415 Epoch [50/150] Batch [100/4682] Loss: 0.005739
40542.6s 2416 Epoch [50/150] Batch [200/4682] Loss: 0.006415
40559.9s 2417 Epoch [50/150] Batch [300/4682] Loss: 0.006193
40577.9s 2418 Epoch [50/150] Batch [400/4682] Loss: 0.005794
40595.3s 2419 Epoch [50/150] Batch [500/4682] Loss: 0.006298
40613.2s 2420 Epoch [50/150] Batch [600/4682] Loss: 0.006321
40630.5s 2421 Epoch [50/150] Batch [700/4682] Loss: 0.006565
40648.3s 2422 Epoch [50/150] Batch [800/4682] Loss: 0.007150
40665.6s 2423 Epoch [50/150] Batch [900/4682] Loss: 0.006317
40683.5s 2424 Epoch [50/150] Batch [1000/4682] Loss: 0.005919
40700.8s 2425 Epoch [50/150] Batch [1100/4682] Loss: 0.005988
40718.6s 2426 Epoch [50/150] Batch [1200/4682] Loss: 0.005610
40735.9s 2427 Epoch [50/150] Batch [1300/4682] Loss: 0.006275
40753.8s 2428 Epoch [50/150] Batch [1400/4682] Loss: 0.005566
40771.2s 2429 Epoch [50/150] Batch [1500/4682] Loss: 0.006611
40788.9s 2430 Epoch [50/150] Batch [1600/4682] Loss: 0.006986
40806.3s 2431 Epoch [50/150] Batch [1700/4682] Loss: 0.006997
40824.0s 2432 Epoch [50/150] Batch [1800/4682] Loss: 0.006543
40841.2s 2433 Epoch [50/150] Batch [1900/4682] Loss: 0.006223
40858.9s 2434 Epoch [50/150] Batch [2000/4682] Loss: 0.006385
40876.3s 2435 Epoch [50/150] Batch [2100/4682] Loss: 0.006484
40894.1s 2436 Epoch [50/150] Batch [2200/4682] Loss: 0.006154
40911.3s 2437 Epoch [50/150] Batch [2300/4682] Loss: 0.007509
40928.9s 2438 Epoch [50/150] Batch [2400/4682] Loss: 0.006387
40946.1s 2439 Epoch [50/150] Batch [2500/4682] Loss: 0.006035
40963.6s 2440 Epoch [50/150] Batch [2600/4682] Loss: 0.005458
40981.0s 2441 Epoch [50/150] Batch [2700/4682] Loss: 0.007849
40998.7s 2442 Epoch [50/150] Batch [2800/4682] Loss: 0.006474
41015.9s 2443 Epoch [50/150] Batch [2900/4682] Loss: 0.006094
41033.7s 2444 Epoch [50/150] Batch [3000/4682] Loss: 0.006943
41051.4s 2445 Epoch [50/150] Batch [3100/4682] Loss: 0.005915
41070.1s 2446 Epoch [50/150] Batch [3200/4682] Loss: 0.006563
41087.2s 2447 Epoch [50/150] Batch [3300/4682] Loss: 0.006268
41105.1s 2448 Epoch [50/150] Batch [3400/4682] Loss: 0.006487
41122.4s 2449 Epoch [50/150] Batch [3500/4682] Loss: 0.005213
41140.2s 2450 Epoch [50/150] Batch [3600/4682] Loss: 0.006758
41157.7s 2451 Epoch [50/150] Batch [3700/4682] Loss: 0.007191
41175.4s 2452 Epoch [50/150] Batch [3800/4682] Loss: 0.006264
41192.6s 2453 Epoch [50/150] Batch [3900/4682] Loss: 0.005108
41210.4s 2454 Epoch [50/150] Batch [4000/4682] Loss: 0.005566
41227.9s 2455 Epoch [50/150] Batch [4100/4682] Loss: 0.007488
41245.7s 2456 Epoch [50/150] Batch [4200/4682] Loss: 0.006451
41262.7s 2457 Epoch [50/150] Batch [4300/4682] Loss: 0.005854
41280.3s 2458 Epoch [50/150] Batch [4400/4682] Loss: 0.005890
41297.8s 2459 Epoch [50/150] Batch [4500/4682] Loss: 0.005471
41315.7s 2460 Epoch [50/150] Batch [4600/4682] Loss: 0.006775
41329.7s 2461 ==> Epoch 50 Average Loss: 0.006189
41329.7s 2462 *** New best model saved (Loss: 0.006189) ***
41330.8s 2463 Epoch [51/150] Batch [0/4682] Loss: 0.006603
41348.4s 2464 Epoch [51/150] Batch [100/4682] Loss: 0.006068
41365.6s 2465 Epoch [51/150] Batch [200/4682] Loss: 0.006441
41383.5s 2466 Epoch [51/150] Batch [300/4682] Loss: 0.007409
41400.8s 2467 Epoch [51/150] Batch [400/4682] Loss: 0.005327
41418.5s 2468 Epoch [51/150] Batch [500/4682] Loss: 0.005326
41435.7s 2469 Epoch [51/150] Batch [600/4682] Loss: 0.006505
41453.4s 2470 Epoch [51/150] Batch [700/4682] Loss: 0.005913
41470.7s 2471 Epoch [51/150] Batch [800/4682] Loss: 0.005774
41488.6s 2472 Epoch [51/150] Batch [900/4682] Loss: 0.004888
41506.0s 2473 Epoch [51/150] Batch [1000/4682] Loss: 0.005760
41523.8s 2474 Epoch [51/150] Batch [1100/4682] Loss: 0.005615
41541.3s 2475 Epoch [51/150] Batch [1200/4682] Loss: 0.006610
41559.1s 2476 Epoch [51/150] Batch [1300/4682] Loss: 0.006314
41576.6s 2477 Epoch [51/150] Batch [1400/4682] Loss: 0.005836
41594.4s 2478 Epoch [51/150] Batch [1500/4682] Loss: 0.005982
41611.9s 2479 Epoch [51/150] Batch [1600/4682] Loss: 0.005392
41629.9s 2480 Epoch [51/150] Batch [1700/4682] Loss: 0.006420
41647.2s 2481 Epoch [51/150] Batch [1800/4682] Loss: 0.006394
41665.0s 2482 Epoch [51/150] Batch [1900/4682] Loss: 0.005426
41682.4s 2483 Epoch [51/150] Batch [2000/4682] Loss: 0.005232
41700.2s 2484 Epoch [51/150] Batch [2100/4682] Loss: 0.007412
41717.6s 2485 Epoch [51/150] Batch [2200/4682] Loss: 0.006833
41735.4s 2486 Epoch [51/150] Batch [2300/4682] Loss: 0.006670
41752.8s 2487 Epoch [51/150] Batch [2400/4682] Loss: 0.005240
41770.7s 2488 Epoch [51/150] Batch [2500/4682] Loss: 0.006075
41788.0s 2489 Epoch [51/150] Batch [2600/4682] Loss: 0.006033
41805.7s 2490 Epoch [51/150] Batch [2700/4682] Loss: 0.006016
41822.9s 2491 Epoch [51/150] Batch [2800/4682] Loss: 0.006679
41840.7s 2492 Epoch [51/150] Batch [2900/4682] Loss: 0.006007
41858.1s 2493 Epoch [51/150] Batch [3000/4682] Loss: 0.006864
41875.7s 2494 Epoch [51/150] Batch [3100/4682] Loss: 0.005524
41893.0s 2495 Epoch [51/150] Batch [3200/4682] Loss: 0.006336
41910.7s 2496 Epoch [51/150] Batch [3300/4682] Loss: 0.005793
41928.1s 2497 Epoch [51/150] Batch [3400/4682] Loss: 0.005572
41945.6s 2498 Epoch [51/150] Batch [3500/4682] Loss: 0.006446
41963.0s 2499 Epoch [51/150] Batch [3600/4682] Loss: 0.006211
41980.8s 2500 Epoch [51/150] Batch [3700/4682] Loss: 0.006016
41998.0s 2501 Epoch [51/150] Batch [3800/4682] Loss: 0.005810
42015.8s 2502 Epoch [51/150] Batch [3900/4682] Loss: 0.006731
42033.2s 2503 Epoch [51/150] Batch [4000/4682] Loss: 0.006472
42051.0s 2504 Epoch [51/150] Batch [4100/4682] Loss: 0.005252
42068.5s 2505 Epoch [51/150] Batch [4200/4682] Loss: 0.006682
42086.1s 2506 Epoch [51/150] Batch [4300/4682] Loss: 0.006143
42103.7s 2507 Epoch [51/150] Batch [4400/4682] Loss: 0.006222
42121.5s 2508 Epoch [51/150] Batch [4500/4682] Loss: 0.006852
42138.8s 2509 Epoch [51/150] Batch [4600/4682] Loss: 0.005805
42153.1s 2510 ==> Epoch 51 Average Loss: 0.006168
42153.1s 2511 *** New best model saved (Loss: 0.006168) ***
42154.0s 2512 Epoch [52/150] Batch [0/4682] Loss: 0.005447
42171.5s 2513 Epoch [52/150] Batch [100/4682] Loss: 0.005497
42189.5s 2514 Epoch [52/150] Batch [200/4682] Loss: 0.005543
42206.6s 2515 Epoch [52/150] Batch [300/4682] Loss: 0.005267
42224.4s 2516 Epoch [52/150] Batch [400/4682] Loss: 0.006072
42242.2s 2517 Epoch [52/150] Batch [500/4682] Loss: 0.005982
42260.3s 2518 Epoch [52/150] Batch [600/4682] Loss: 0.005533
42278.0s 2519 Epoch [52/150] Batch [700/4682] Loss: 0.005141
42296.2s 2520 Epoch [52/150] Batch [800/4682] Loss: 0.005694
42313.3s 2521 Epoch [52/150] Batch [900/4682] Loss: 0.005827
42331.1s 2522 Epoch [52/150] Batch [1000/4682] Loss: 0.006911
42348.7s 2523 Epoch [52/150] Batch [1100/4682] Loss: 0.005364
42366.5s 2524 Epoch [52/150] Batch [1200/4682] Loss: 0.006304
42383.7s 2525 Epoch [52/150] Batch [1300/4682] Loss: 0.005475
42401.3s 2526 Epoch [52/150] Batch [1400/4682] Loss: 0.005596
42418.4s 2527 Epoch [52/150] Batch [1500/4682] Loss: 0.006069
42436.2s 2528 Epoch [52/150] Batch [1600/4682] Loss: 0.006673
42453.5s 2529 Epoch [52/150] Batch [1700/4682] Loss: 0.005998
42471.2s 2530 Epoch [52/150] Batch [1800/4682] Loss: 0.006979
42488.6s 2531 Epoch [52/150] Batch [1900/4682] Loss: 0.005568
42506.3s 2532 Epoch [52/150] Batch [2000/4682] Loss: 0.005631
42523.5s 2533 Epoch [52/150] Batch [2100/4682] Loss: 0.006250
42541.3s 2534 Epoch [52/150] Batch [2200/4682] Loss: 0.006394
42558.8s 2535 Epoch [52/150] Batch [2300/4682] Loss: 0.006806
42576.5s 2536 Epoch [52/150] Batch [2400/4682] Loss: 0.006266
42593.9s 2537 Epoch [52/150] Batch [2500/4682] Loss: 0.005271
42611.8s 2538 Epoch [52/150] Batch [2600/4682] Loss: 0.007186
42629.2s 2539 Epoch [52/150] Batch [2700/4682] Loss: 0.005342
42647.2s 2540 Epoch [52/150] Batch [2800/4682] Loss: 0.005356
42664.4s 2541 Epoch [52/150] Batch [2900/4682] Loss: 0.005763
42682.3s 2542 Epoch [52/150] Batch [3000/4682] Loss: 0.007645
42699.5s 2543 Epoch [52/150] Batch [3100/4682] Loss: 0.006621
42717.2s 2544 Epoch [52/150] Batch [3200/4682] Loss: 0.005797
42734.4s 2545 Epoch [52/150] Batch [3300/4682] Loss: 0.005351
42752.3s 2546 Epoch [52/150] Batch [3400/4682] Loss: 0.005929
42769.5s 2547 Epoch [52/150] Batch [3500/4682] Loss: 0.006890
42787.2s 2548 Epoch [52/150] Batch [3600/4682] Loss: 0.005402
42804.5s 2549 Epoch [52/150] Batch [3700/4682] Loss: 0.006596
42822.3s 2550 Epoch [52/150] Batch [3800/4682] Loss: 0.005620
42839.6s 2551 Epoch [52/150] Batch [3900/4682] Loss: 0.005571
42857.4s 2552 Epoch [52/150] Batch [4000/4682] Loss: 0.007415
42874.9s 2553 Epoch [52/150] Batch [4100/4682] Loss: 0.006996
42893.0s 2554 Epoch [52/150] Batch [4200/4682] Loss: 0.005915
42910.0s 2555 Epoch [52/150] Batch [4300/4682] Loss: 0.006734
42927.9s 2556 Epoch [52/150] Batch [4400/4682] Loss: 0.007518
42945.3s 2557 Epoch [52/150] Batch [4500/4682] Loss: 0.006909
42963.2s 2558 Epoch [52/150] Batch [4600/4682] Loss: 0.006000
42977.1s 2559 ==> Epoch 52 Average Loss: 0.006138
42977.1s 2560 *** New best model saved (Loss: 0.006138) ***
42978.2s 2561 Epoch [53/150] Batch [0/4682] Loss: 0.004967
42995.9s 2562 Epoch [53/150] Batch [100/4682] Loss: 0.006709
43013.0s 2563 Epoch [53/150] Batch [200/4682] Loss: 0.006099
43031.0s 2564 Epoch [53/150] Batch [300/4682] Loss: 0.006602
43048.3s 2565 Epoch [53/150] Batch [400/4682] Loss: 0.006930
43066.2s 2566 Epoch [53/150] Batch [500/4682] Loss: 0.006096
43083.2s 2567 Epoch [53/150] Batch [600/4682] Loss: 0.006640
43100.9s 2568 Epoch [53/150] Batch [700/4682] Loss: 0.005652
43118.0s 2569 Epoch [53/150] Batch [800/4682] Loss: 0.005975
43135.7s 2570 Epoch [53/150] Batch [900/4682] Loss: 0.005793
43153.2s 2571 Epoch [53/150] Batch [1000/4682] Loss: 0.005506
43171.2s 2572 Epoch [53/150] Batch [1100/4682] Loss: 0.006043
43188.4s 2573 Epoch [53/150] Batch [1200/4682] Loss: 0.005527
43205.8s 2574 Epoch [53/150] Batch [1300/4682] Loss: 0.006009
43209.4s 2575 Timeout waiting for execute reply (43200s).